Time,RadioId,NodeId,NodeRSSI,Battery,Celsius,RecordedAt,Firmware,SolarVolts,SolarCurrent,CumulativeSolarCurrent,Latitude,Longitude
2021-06-01 06:05:06,3,328726,-90,4.04,14,2021-06-01 06:05:06,1.12.3,0.06,1,3694796,38.311684,-104.356344
2021-06-01 06:05:06,2,328726,-98,4.04,14,2021-06-01 06:05:06,1.12.3,0.06,1,3694796,38.311684,-104.356344
2021-06-01 06:05:13,2,32930a,-95,3.91,9,2021-06-01 06:05:14,1.12.3,0,1,4893243,38.309296,-104.359464
2021-06-01 06:05:13,3,32930a,-90,3.91,9,2021-06-01 06:05:14,1.12.3,0,1,4893243,38.309296,-104.359464
2021-06-01 06:05:15,3,3278d6,-90,3.91,11,2021-06-01 06:05:16,1.12.3,0,1,3519545,38.296104,-104.356304
2021-06-01 06:05:15,2,3278d6,-98,3.91,11,2021-06-01 06:05:16,1.12.3,0,1,3519545,38.296104,-104.356304
2021-06-01 06:05:25,2,326532,-98,3.89,10,2021-06-01 06:05:26,1.12.3,0,1,4129887,38.29842,-104.350552
2021-06-01 06:05:26,3,326532,-85,3.89,10,2021-06-01 06:05:26,1.12.3,0,1,4129887,38.29842,-104.350552
2021-06-01 06:05:27,2,328d01,-96,3.87,11,2021-06-01 06:05:28,1.12.3,0,1,3813593,38.298368,-104.353416
2021-06-01 06:05:27,3,328d01,-84,3.87,11,2021-06-01 06:05:28,1.12.3,0,1,3813593,38.298368,-104.353416
2021-06-01 06:05:39,3,32b86d,-92,3.87,13,2021-06-01 06:05:39,1.12.3,0,1,4793073,38.313888,-104.356512
2021-06-01 06:05:39,2,32b86d,-98,3.87,13,2021-06-01 06:05:39,1.12.3,0,1,4793073,38.313888,-104.356512
2021-06-01 06:05:40,2,32785e,-97,4.03,11,2021-06-01 06:05:39,1.12.3,0,1,2515348,38.280008,-104.3674
2021-06-01 06:05:57,1,325d5f,-103,3.85,9,2021-06-01 06:05:56,1.12.3,0,1,3648909,38.303216,-104.359344
2021-06-01 06:05:57,2,325d5f,-75,3.85,9,2021-06-01 06:05:56,1.12.3,0,1,3648909,38.303216,-104.359344
2021-06-01 06:05:57,3,325d5f,-80,3.85,9,2021-06-01 06:05:56,1.12.3,0,1,3648909,38.303216,-104.359344
2021-06-01 06:06:01,2,32845f,-92,3.91,11,2021-06-01 06:06:02,1.12.3,0,1,2444661,38.29154,-104.360536
2021-06-01 06:06:01,3,32845f,-93,3.91,11,2021-06-01 06:06:02,1.12.3,0,1,2444661,38.29154,-104.360536
2021-06-01 06:06:05,2,33d782,-96,3.92,11,2021-06-01 06:06:04,1.12.4,0.08,1,71022,38.29518,-104.3592
2021-06-01 06:06:06,1,328e67,-97,3.89,13,2021-06-01 06:06:07,1.12.3,0.02,1,4450223,38.305304,-104.35332
2021-06-01 06:06:06,3,328e67,-80,3.89,13,2021-06-01 06:06:07,1.12.3,0.02,1,4450223,38.305304,-104.35332
2021-06-01 06:06:25,1,3276b6,-100,3.98,14,2021-06-01 06:06:26,1.12.3,0.03,1,3847855,38.311708,-104.350248
2021-06-01 06:06:25,2,3276b6,-92,3.98,14,2021-06-01 06:06:26,1.12.3,0.03,1,3847855,38.311708,-104.350248
2021-06-01 06:06:25,3,3276b6,-89,3.98,14,2021-06-01 06:06:26,1.12.3,0.03,1,3847855,38.311708,-104.350248
2021-06-01 06:06:28,3,326331,-80,3.89,12,2021-06-01 06:06:28,1.12.3,0.01,1,4361975,38.302972,-104.35336
2021-06-01 06:06:28,2,326331,-81,3.89,12,2021-06-01 06:06:28,1.12.3,0.01,1,4361975,38.302972,-104.35336
2021-06-01 06:06:35,2,329b65,-91,3.99,14,2021-06-01 06:06:34,1.12.3,0,1,4283852,38.313768,-104.350072
2021-06-01 06:06:35,3,329b65,-85,3.99,14,2021-06-01 06:06:34,1.12.3,0,1,4283852,38.313768,-104.350072
2021-06-01 06:06:40,2,33b5bf,-96,3.96,10,2021-06-01 06:06:39,1.12.4,0,1,4224156,38.30322,-104.34804
2021-06-01 06:06:40,3,33b5bf,-89,3.96,10,2021-06-01 06:06:39,1.12.4,0,1,4224156,38.30322,-104.34804
2021-06-01 06:06:48,2,32b8ee,-90,3.81,10,2021-06-01 06:06:48,1.12.3,0.02,1,3192593,38.29072,-104.36292
2021-06-01 06:06:56,1,33d486,-64,3.91,9,2021-06-01 06:06:56,1.12.4,0,1,4319419,38.305216,-104.356176
2021-06-01 06:06:56,2,33d486,-57,3.91,9,2021-06-01 06:06:56,1.12.4,0,1,4319419,38.305216,-104.356176
2021-06-01 06:06:56,4,33d486,-103,3.91,9,2021-06-01 06:06:56,1.12.4,0,1,4319419,38.305216,-104.356176
2021-06-01 06:06:56,3,33d486,-49,3.91,9,2021-06-01 06:06:56,1.12.4,0,1,4319419,38.305216,-104.356176
2021-06-01 06:06:56,3,327989,-88,3.9,12,2021-06-01 06:06:56,1.12.3,0,1,4890351,38.311728,-104.353416
2021-06-01 06:06:56,2,327989,-99,3.9,12,2021-06-01 06:06:56,1.12.3,0,1,4890351,38.311728,-104.353416
2021-06-01 06:07:05,1,327a09,-90,3.88,12,2021-06-01 06:07:04,1.12.3,0,1,3771773,38.309556,-104.347336
2021-06-01 06:07:05,3,327a09,-88,3.88,12,2021-06-01 06:07:04,1.12.3,0,1,3771773,38.309556,-104.347336
2021-06-01 06:07:05,2,327a09,-87,3.88,12,2021-06-01 06:07:04,1.12.3,0,1,3771773,38.309556,-104.347336
2021-06-01 06:07:18,2,3266aa,-97,3.86,12,2021-06-01 06:07:17,1.12.3,0,1,3701470,38.296152,-104.350568
2021-06-01 06:07:18,3,3266aa,-85,3.86,12,2021-06-01 06:07:17,1.12.3,0,1,3701470,38.296152,-104.350568
2021-06-01 06:07:25,1,32b849,-100,3.92,10,2021-06-01 06:07:25,1.12.3,0,1,4376734,38.30078,-104.360224
2021-06-01 06:07:25,3,32b849,-92,3.92,10,2021-06-01 06:07:25,1.12.3,0,1,4376734,38.30078,-104.360224
2021-06-01 06:07:25,2,32b849,-81,3.92,10,2021-06-01 06:07:25,1.12.3,0,1,4376734,38.30078,-104.360224
2021-06-01 06:07:28,1,328ca1,-97,3.85,11,2021-06-01 06:07:29,1.12.3,0,1,4626782,38.309472,-104.35028
2021-06-01 06:07:36,3,3267b1,-82,3.89,11,2021-06-01 06:07:35,1.12.3,0,1,3380942,38.309476,-104.353608
2021-06-01 06:07:36,2,3267b1,-89,3.89,11,2021-06-01 06:07:35,1.12.3,0,1,3380942,38.309476,-104.353608
2021-06-01 06:07:40,2,329ab2,-100,3.91,9,2021-06-01 06:07:39,1.12.3,0,1,4476624,38.307444,-104.359312
2021-06-01 06:07:40,1,325b16,-102,3.88,7,2021-06-01 06:07:39,1.12.3,0,1,3653595,38.302988,-104.35072
2021-06-01 06:07:40,3,325b16,-82,3.88,7,2021-06-01 06:07:39,1.12.3,0,1,3653595,38.302988,-104.35072
2021-06-01 06:07:40,2,325b16,-85,3.88,7,2021-06-01 06:07:39,1.12.3,0,1,3653595,38.302988,-104.35072
2021-06-01 06:07:49,2,328773,-95,3.89,14,2021-06-01 06:07:49,1.12.3,0,1,3644819,38.311768,-104.359424
2021-06-01 06:07:49,3,328773,-93,3.89,14,2021-06-01 06:07:49,1.12.3,0,1,3644819,38.311768,-104.359424
2021-06-01 06:07:59,2,3260f6,-99,3.87,10,2021-06-01 06:08:00,1.11.3,0.03,1,3613447,38.300672,-104.350544
2021-06-01 06:07:59,3,3260f6,-64,3.87,10,2021-06-01 06:08:00,1.11.3,0.03,1,3613447,38.300672,-104.350544
2021-06-01 06:08:07,3,326182,-70,3.87,12,2021-06-01 06:08:07,1.12.3,0,1,3242076,38.3007,-104.353376
2021-06-01 06:08:07,2,326182,-86,3.87,12,2021-06-01 06:08:07,1.12.3,0,1,3242076,38.3007,-104.353376
2021-06-01 06:08:12,1,3296b8,-90,3.9,11,2021-06-01 06:08:11,1.12.3,0,1,4638308,38.307136,-104.353504
2021-06-01 06:08:12,2,3296b8,-83,3.9,11,2021-06-01 06:08:11,1.12.3,0,1,4638308,38.307136,-104.353504
2021-06-01 06:08:12,3,3296b8,-82,3.9,11,2021-06-01 06:08:11,1.12.3,0,1,4638308,38.307136,-104.353504
2021-06-01 06:08:21,2,328c5e,-78,3.51,13,2021-06-01 06:08:05,1.12.3,0,1,140463,38.305272,-104.35944
2021-06-01 06:08:26,2,329149,-98,3.96,8,2021-06-01 06:08:26,1.12.3,0,1,4438706,38.296088,-104.353416
2021-06-01 06:08:26,3,329149,-85,3.96,8,2021-06-01 06:08:26,1.12.3,0,1,4438706,38.296088,-104.353416
2021-06-01 06:08:27,2,33bd60,-88,4.03,12,2021-06-01 06:08:28,1.12.4,0,1,340639,38.307188,-104.356472
2021-06-01 06:08:27,3,33bd60,-79,4.03,12,2021-06-01 06:08:28,1.12.4,0,1,340639,38.307188,-104.356472
2021-06-01 06:08:28,1,32801d,-99,3.96,16,2021-06-01 06:08:27,1.12.4,0,1,3388246,38.3051,-104.350608
2021-06-01 06:08:37,3,326123,-90,3.88,12,2021-06-01 06:08:37,1.12.3,0,1,3278680,38.292584,-104.358736
2021-06-01 06:08:37,2,326123,-96,3.88,12,2021-06-01 06:08:37,1.12.3,0,1,3278680,38.292584,-104.358736
2021-06-01 06:08:39,1,328452,-98,3.9,10,2021-06-01 06:08:38,1.12.3,0,1,3276633,38.30296,-104.35628
2021-06-01 06:08:39,3,328452,-61,3.9,10,2021-06-01 06:08:38,1.12.3,0,1,3276633,38.30296,-104.35628
2021-06-01 06:08:39,2,328452,-84,3.9,10,2021-06-01 06:08:38,1.12.3,0,1,3276633,38.30296,-104.35628
2021-06-01 06:08:43,2,3288b6,-99,4.01,11,2021-06-01 06:08:43,1.12.3,0,1,2344329,38.286828,-104.37016
2021-06-01 06:08:51,2,3282ca,-99,3.85,16,2021-06-01 06:08:50,1.12.3,0,1,4839934,38.313924,-104.359704
2021-06-01 06:08:54,1,325d08,-91,3.85,10,2021-06-01 06:08:54,1.12.3,0.01,1,1383299,38.307224,-104.347904
2021-06-01 06:08:54,3,325d08,-64,3.85,10,2021-06-01 06:08:54,1.12.3,0.01,1,1383299,38.307224,-104.347904
2021-06-01 06:08:54,2,325d08,-84,3.85,10,2021-06-01 06:08:54,1.12.3,0.01,1,1383299,38.307224,-104.347904
2021-06-01 06:09:13,3,32b207,-91,3.97,11,2021-06-01 06:09:10,1.12.3,0,1,4223506,38.293792,-104.35632
2021-06-01 06:09:13,2,32b207,-103,3.97,11,2021-06-01 06:09:10,1.12.3,0,1,4223506,38.293792,-104.35632
2021-06-01 06:09:19,1,33895a,-99,3.74,12,2021-06-01 06:09:19,1.12.4,0,1,1582345,38.307204,-104.350672
2021-06-01 06:09:32,2,328f95,-98,3.9,8,2021-06-01 06:09:32,1.12.3,0,1,3508142,38.298432,-104.359248
2021-06-01 06:10:26,3,326532,-85,3.9,10,2021-06-01 06:10:26,1.12.3,0,1,4129946,38.29842,-104.350552
2021-06-01 06:10:26,2,326532,-97,3.9,10,2021-06-01 06:10:26,1.12.3,0,1,4129946,38.29842,-104.350552
2021-06-01 06:10:26,2,326077,-99,3.87,11,2021-06-01 06:10:27,1.12.3,0,1,3002360,38.293108,-104.361384
2021-06-01 06:10:28,2,328d01,-97,3.87,11,2021-06-01 06:10:28,1.12.3,0,1,3813653,38.298368,-104.353416
2021-06-01 06:10:28,3,328d01,-83,3.87,11,2021-06-01 06:10:28,1.12.3,0,1,3813653,38.298368,-104.353416
2021-06-01 06:10:39,2,32b86d,-98,3.87,13,2021-06-01 06:10:39,1.12.3,0,1,4793132,38.313888,-104.356512
2021-06-01 06:10:39,3,32b86d,-93,3.87,13,2021-06-01 06:10:39,1.12.3,0,1,4793132,38.313888,-104.356512
2021-06-01 06:10:40,2,32785e,-101,4.03,11,2021-06-01 06:10:40,1.12.3,0,1,2515407,38.280008,-104.3674
2021-06-01 06:10:57,1,325d5f,-98,3.85,9,2021-06-01 06:10:57,1.12.3,0,1,3648969,38.303216,-104.359344
2021-06-01 06:10:57,3,325d5f,-94,3.85,9,2021-06-01 06:10:57,1.12.3,0,1,3648969,38.303216,-104.359344
2021-06-01 06:10:57,2,325d5f,-75,3.85,9,2021-06-01 06:10:57,1.12.3,0,1,3648969,38.303216,-104.359344
2021-06-01 06:11:02,3,32845f,-92,3.91,11,2021-06-01 06:11:02,1.12.3,0,1,2444721,38.29154,-104.360536
2021-06-01 06:11:02,2,32845f,-92,3.91,11,2021-06-01 06:11:02,1.12.3,0,1,2444721,38.29154,-104.360536
2021-06-01 06:11:05,2,33d782,-100,3.92,11,2021-06-01 06:11:04,1.12.4,0.08,1,71081,38.29518,-104.3592
2021-06-01 06:11:07,1,328e67,-97,3.89,13,2021-06-01 06:11:07,1.12.3,0.01,1,4450283,38.305304,-104.35332
2021-06-01 06:11:07,2,328e67,-82,3.89,13,2021-06-01 06:11:07,1.12.3,0.01,1,4450283,38.305304,-104.35332
2021-06-01 06:11:07,3,328e67,-80,3.89,13,2021-06-01 06:11:07,1.12.3,0.01,1,4450283,38.305304,-104.35332
2021-06-01 06:11:26,1,3276b6,-98,3.98,14,2021-06-01 06:11:26,1.12.3,0.03,1,3847915,38.311708,-104.350248
2021-06-01 06:11:26,2,3276b6,-92,3.98,14,2021-06-01 06:11:26,1.12.3,0.03,1,3847915,38.311708,-104.350248
2021-06-01 06:11:26,3,3276b6,-89,3.98,14,2021-06-01 06:11:26,1.12.3,0.03,1,3847915,38.311708,-104.350248
2021-06-01 06:11:28,2,326331,-80,3.89,12,2021-06-01 06:11:29,1.12.3,0.01,1,4362035,38.302972,-104.35336
2021-06-01 06:11:28,3,326331,-86,3.89,12,2021-06-01 06:11:29,1.12.3,0.01,1,4362035,38.302972,-104.35336
2021-06-01 06:11:36,3,329b65,-85,3.99,14,2021-06-01 06:11:35,1.12.3,0,1,4283912,38.313768,-104.350072
2021-06-01 06:11:36,2,329b65,-91,3.99,14,2021-06-01 06:11:35,1.12.3,0,1,4283912,38.313768,-104.350072
2021-06-01 06:11:40,2,33b5bf,-96,3.96,10,2021-06-01 06:11:40,1.12.4,0,1,4224216,38.30322,-104.34804
2021-06-01 06:11:40,3,33b5bf,-89,3.96,10,2021-06-01 06:11:40,1.12.4,0,1,4224216,38.30322,-104.34804
2021-06-01 06:11:49,2,32b8ee,-92,3.81,10,2021-06-01 06:11:48,1.12.3,0.02,1,3192653,38.29072,-104.36292
2021-06-01 06:11:56,1,33d486,-64,3.91,9,2021-06-01 06:11:56,1.12.4,0,1,4319479,38.305216,-104.356176
2021-06-01 06:11:56,4,33d486,-97,3.91,9,2021-06-01 06:11:56,1.12.4,0,1,4319479,38.305216,-104.356176
2021-06-01 06:11:56,2,33d486,-57,3.91,9,2021-06-01 06:11:56,1.12.4,0,1,4319479,38.305216,-104.356176
2021-06-01 06:11:56,3,33d486,-49,3.91,9,2021-06-01 06:11:56,1.12.4,0,1,4319479,38.305216,-104.356176
2021-06-01 06:11:56,2,3288c1,-89,3.87,11,2021-06-01 06:11:57,1.12.3,0,1,3511755,38.300724,-104.35624
2021-06-01 06:11:56,3,3288c1,-77,3.87,11,2021-06-01 06:11:57,1.12.3,0,1,3511755,38.300724,-104.35624
2021-06-01 06:12:05,1,327a09,-90,3.88,12,2021-06-01 06:12:04,1.12.3,0,1,3771832,38.309556,-104.347336
2021-06-01 06:12:05,2,327a09,-86,3.88,12,2021-06-01 06:12:04,1.12.3,0,1,3771832,38.309556,-104.347336
2021-06-01 06:12:05,3,327a09,-84,3.88,12,2021-06-01 06:12:04,1.12.3,0,1,3771832,38.309556,-104.347336
2021-06-01 06:12:18,3,3266aa,-84,3.86,12,2021-06-01 06:12:17,1.12.3,0,1,3701529,38.296152,-104.350568
2021-06-01 06:12:18,2,3266aa,-96,3.86,12,2021-06-01 06:12:17,1.12.3,0,1,3701529,38.296152,-104.350568
2021-06-01 06:12:25,1,32b849,-100,3.92,10,2021-06-01 06:12:25,1.12.3,0,1,4376794,38.30078,-104.360224
2021-06-01 06:12:25,3,32b849,-92,3.92,10,2021-06-01 06:12:25,1.12.3,0,1,4376794,38.30078,-104.360224
2021-06-01 06:12:25,2,32b849,-81,3.92,10,2021-06-01 06:12:25,1.12.3,0,1,4376794,38.30078,-104.360224
2021-06-01 06:12:29,1,328ca1,-97,3.85,11,2021-06-01 06:12:29,1.12.3,0,1,4626842,38.309472,-104.35028
2021-06-01 06:12:40,2,329ab2,-99,3.91,9,2021-06-01 06:12:39,1.12.3,0,1,4476684,38.307444,-104.359312
2021-06-01 06:12:40,1,325b16,-100,3.88,6,2021-06-01 06:12:40,1.12.3,0,1,3653654,38.302988,-104.35072
2021-06-01 06:12:40,3,325b16,-83,3.88,6,2021-06-01 06:12:40,1.12.3,0,1,3653654,38.302988,-104.35072
2021-06-01 06:12:40,2,325b16,-85,3.88,6,2021-06-01 06:12:40,1.12.3,0,1,3653654,38.302988,-104.35072
2021-06-01 06:12:49,3,328773,-93,3.89,14,2021-06-01 06:12:49,1.12.3,0,1,3644879,38.311768,-104.359424
2021-06-01 06:12:49,2,328773,-95,3.89,14,2021-06-01 06:12:49,1.12.3,0,1,3644879,38.311768,-104.359424
2021-06-01 06:13:00,2,3260f6,-99,3.87,10,2021-06-01 06:13:00,1.11.3,0.03,1,3613507,38.300672,-104.350544
2021-06-01 06:13:00,3,3260f6,-88,3.87,10,2021-06-01 06:13:00,1.11.3,0.03,1,3613507,38.300672,-104.350544
2021-06-01 06:13:07,3,326182,-70,3.87,12,2021-06-01 06:13:08,1.12.3,0,1,3242135,38.3007,-104.353376
2021-06-01 06:13:07,2,326182,-87,3.87,12,2021-06-01 06:13:08,1.12.3,0,1,3242135,38.3007,-104.353376
2021-06-01 06:13:12,1,3296b8,-89,3.9,11,2021-06-01 06:13:12,1.12.3,0,1,4638368,38.307136,-104.353504
2021-06-01 06:13:12,2,3296b8,-83,3.9,11,2021-06-01 06:13:12,1.12.3,0,1,4638368,38.307136,-104.353504
2021-06-01 06:13:12,3,3296b8,-81,3.9,11,2021-06-01 06:13:12,1.12.3,0,1,4638368,38.307136,-104.353504
2021-06-01 06:13:22,2,32600d,-102,3.89,11,2021-06-01 06:13:22,1.12.3,0.02,1,2296617,38.282372,-104.367176
2021-06-01 06:13:25,3,328c5e,-89,3.5,13,2021-06-01 06:13:09,1.12.3,0,1,140493,38.305272,-104.35944
2021-06-01 06:13:25,2,328c5e,-78,3.5,13,2021-06-01 06:13:09,1.12.3,0,1,140493,38.305272,-104.35944
2021-06-01 06:13:26,3,329149,-85,3.95,8,2021-06-01 06:13:26,1.12.3,0,1,4438766,38.29608,-104.353424
2021-06-01 06:13:26,2,329149,-98,3.95,8,2021-06-01 06:13:26,1.12.3,0,1,4438766,38.29608,-104.353424
2021-06-01 06:13:27,3,33bd60,-79,4.03,12,2021-06-01 06:13:28,1.12.4,0,1,340698,38.307188,-104.356472
2021-06-01 06:13:27,2,33bd60,-88,4.03,12,2021-06-01 06:13:28,1.12.4,0,1,340698,38.307188,-104.356472
2021-06-01 06:13:28,1,32801d,-99,3.96,16,2021-06-01 06:13:27,1.12.4,0,1,3388305,38.3051,-104.350608
2021-06-01 06:13:37,3,326123,-90,3.88,12,2021-06-01 06:13:37,1.12.3,0,1,3278739,38.292584,-104.358736
2021-06-01 06:13:37,2,326123,-96,3.88,12,2021-06-01 06:13:37,1.12.3,0,1,3278739,38.292584,-104.358736
2021-06-01 06:13:40,1,328452,-99,3.9,11,2021-06-01 06:13:39,1.12.3,0,1,3276693,38.30296,-104.35628
2021-06-01 06:13:40,3,328452,-60,3.9,11,2021-06-01 06:13:39,1.12.3,0,1,3276693,38.30296,-104.35628
2021-06-01 06:13:40,2,328452,-84,3.9,11,2021-06-01 06:13:39,1.12.3,0,1,3276693,38.30296,-104.35628
2021-06-01 06:13:43,2,3288b6,-100,4.01,11,2021-06-01 06:13:44,1.12.3,0,1,2344388,38.286828,-104.37016
2021-06-01 06:13:51,2,3282ca,-100,3.86,16,2021-06-01 06:13:50,1.12.3,0,1,4839994,38.313924,-104.359704
2021-06-01 06:13:54,1,325d08,-91,3.85,10,2021-06-01 06:13:55,1.12.3,0.01,1,1383358,38.307272,-104.34788
2021-06-01 06:13:54,2,325d08,-84,3.85,10,2021-06-01 06:13:55,1.12.3,0.01,1,1383358,38.307272,-104.34788
2021-06-01 06:14:13,2,32b207,-97,3.96,11,2021-06-01 06:14:10,1.12.3,0,1,4223566,38.293792,-104.35632
2021-06-01 06:14:13,3,32b207,-88,3.96,11,2021-06-01 06:14:10,1.12.3,0,1,4223566,38.293792,-104.35632
2021-06-01 06:14:19,1,33895a,-99,3.74,12,2021-06-01 06:14:19,1.12.4,0,1,1582404,38.307204,-104.350672
2021-06-01 06:14:19,2,33895a,-92,3.74,12,2021-06-01 06:14:19,1.12.4,0,1,1582404,38.307204,-104.350672
2021-06-01 06:14:20,3,327e7a,-84,3.92,14,2021-06-01 06:14:19,1.12.3,0,1,4139296,38.294012,-104.35348
2021-06-01 06:14:32,2,328f95,-96,3.9,8,2021-06-01 06:14:32,1.12.3,0,1,3508202,38.298432,-104.359248
2021-06-01 06:15:06,2,328726,-98,4.04,14,2021-06-01 06:15:07,1.12.3,0.06,1,3694916,38.311684,-104.356344
2021-06-01 06:15:06,3,328726,-91,4.04,14,2021-06-01 06:15:07,1.12.3,0.06,1,3694916,38.311684,-104.356344
2021-06-01 06:15:14,3,32930a,-91,3.91,8,2021-06-01 06:15:14,1.12.3,0,1,4893362,38.309296,-104.359464
2021-06-01 06:15:14,2,32930a,-95,3.91,8,2021-06-01 06:15:14,1.12.3,0,1,4893362,38.309296,-104.359464
2021-06-01 06:15:16,3,3278d6,-91,3.91,11,2021-06-01 06:15:16,1.12.3,0,1,3519664,38.296104,-104.356304
2021-06-01 06:15:16,2,3278d6,-98,3.91,11,2021-06-01 06:15:16,1.12.3,0,1,3519664,38.296104,-104.356304
2021-06-01 06:15:26,2,326532,-96,3.89,10,2021-06-01 06:15:27,1.12.3,0,1,4130006,38.29842,-104.350552
2021-06-01 06:15:26,3,326532,-85,3.89,10,2021-06-01 06:15:27,1.12.3,0,1,4130006,38.29842,-104.350552
2021-06-01 06:15:27,2,326077,-96,3.87,11,2021-06-01 06:15:27,1.12.3,0.01,1,3002420,38.293108,-104.361384
2021-06-01 06:15:28,2,328d01,-89,3.87,11,2021-06-01 06:15:28,1.12.3,0,1,3813712,38.298368,-104.353416
2021-06-01 06:15:28,3,328d01,-83,3.87,11,2021-06-01 06:15:28,1.12.3,0,1,3813712,38.298368,-104.353416
2021-06-01 06:15:39,3,32b86d,-93,3.87,13,2021-06-01 06:15:40,1.12.3,0,1,4793192,38.313888,-104.356512
2021-06-01 06:15:39,2,32b86d,-97,3.87,13,2021-06-01 06:15:40,1.12.3,0,1,4793192,38.313888,-104.356512
2021-06-01 06:15:40,2,32785e,-101,4.03,10,2021-06-01 06:15:40,1.12.3,0,1,2515467,38.280008,-104.3674
2021-06-01 06:15:57,1,325d5f,-103,3.85,9,2021-06-01 06:15:57,1.12.3,0,1,3649029,38.303216,-104.359344
2021-06-01 06:15:57,3,325d5f,-93,3.85,9,2021-06-01 06:15:57,1.12.3,0,1,3649029,38.303216,-104.359344
2021-06-01 06:15:57,2,325d5f,-75,3.85,9,2021-06-01 06:15:57,1.12.3,0,1,3649029,38.303216,-104.359344
2021-06-01 06:16:02,3,32845f,-92,3.91,11,2021-06-01 06:16:03,1.12.3,0,1,2444781,38.29154,-104.360536
2021-06-01 06:16:02,2,32845f,-92,3.91,11,2021-06-01 06:16:03,1.12.3,0,1,2444781,38.29154,-104.360536
2021-06-01 06:16:05,2,33d782,-97,3.92,11,2021-06-01 06:16:05,1.12.4,0.08,1,71141,38.29518,-104.3592
2021-06-01 06:16:07,1,328e67,-97,3.88,12,2021-06-01 06:16:07,1.12.3,0.02,1,4450342,38.305304,-104.35332
2021-06-01 06:16:07,2,328e67,-81,3.88,12,2021-06-01 06:16:07,1.12.3,0.02,1,4450342,38.305304,-104.35332
2021-06-01 06:16:07,3,328e67,-80,3.88,12,2021-06-01 06:16:07,1.12.3,0.02,1,4450342,38.305304,-104.35332
2021-06-01 06:16:26,1,3276b6,-104,3.98,14,2021-06-01 06:16:26,1.12.3,0.03,1,3847975,38.311708,-104.350248
2021-06-01 06:16:26,2,3276b6,-92,3.98,14,2021-06-01 06:16:26,1.12.3,0.03,1,3847975,38.311708,-104.350248
2021-06-01 06:16:26,3,3276b6,-90,3.98,14,2021-06-01 06:16:26,1.12.3,0.03,1,3847975,38.311708,-104.350248
2021-06-01 06:16:29,3,326331,-87,3.88,12,2021-06-01 06:16:29,1.12.3,0.01,1,4362095,38.302972,-104.35336
2021-06-01 06:16:29,2,326331,-81,3.88,12,2021-06-01 06:16:29,1.12.3,0.01,1,4362095,38.302972,-104.35336
2021-06-01 06:16:36,2,329b65,-91,3.99,14,2021-06-01 06:16:37,1.12.3,0,1,4283972,38.313752,-104.35008
2021-06-01 06:16:36,3,329b65,-85,3.99,14,2021-06-01 06:16:37,1.12.3,0,1,4283972,38.313752,-104.35008
2021-06-01 06:16:40,2,33b5bf,-96,3.96,10,2021-06-01 06:16:40,1.12.4,0,1,4224275,38.30322,-104.34804
2021-06-01 06:16:40,3,33b5bf,-89,3.96,10,2021-06-01 06:16:40,1.12.4,0,1,4224275,38.30322,-104.34804
2021-06-01 06:16:49,2,32b8ee,-92,3.81,10,2021-06-01 06:16:48,1.12.3,0.02,1,3192713,38.29072,-104.36292
2021-06-01 06:16:56,1,33d486,-64,3.91,9,2021-06-01 06:16:56,1.12.4,0,1,4319538,38.305216,-104.356176
2021-06-01 06:16:56,2,33d486,-57,3.91,9,2021-06-01 06:16:56,1.12.4,0,1,4319538,38.305216,-104.356176
2021-06-01 06:16:56,3,33d486,-49,3.91,9,2021-06-01 06:16:56,1.12.4,0,1,4319538,38.305216,-104.356176
2021-06-01 06:16:56,4,33d486,-97,3.91,9,2021-06-01 06:16:56,1.12.4,0,1,4319538,38.305216,-104.356176
2021-06-01 06:17:05,1,327a09,-90,3.88,12,2021-06-01 06:17:05,1.12.3,0,1,3771892,38.309556,-104.347336
2021-06-01 06:17:18,2,3266aa,-96,3.86,12,2021-06-01 06:17:17,1.12.3,0,1,3701589,38.296152,-104.350568
2021-06-01 06:17:18,3,3266aa,-84,3.86,12,2021-06-01 06:17:17,1.12.3,0,1,3701589,38.296152,-104.350568
2021-06-01 06:17:26,1,32b849,-97,3.92,10,2021-06-01 06:17:26,1.12.3,0,1,4376854,38.30078,-104.360224
2021-06-01 06:17:26,3,32b849,-92,3.92,10,2021-06-01 06:17:26,1.12.3,0,1,4376854,38.30078,-104.360224
2021-06-01 06:17:26,2,32b849,-81,3.92,10,2021-06-01 06:17:26,1.12.3,0,1,4376854,38.30078,-104.360224
2021-06-01 06:17:29,1,328ca1,-97,3.85,11,2021-06-01 06:17:29,1.12.3,0,1,4626901,38.309472,-104.35028
2021-06-01 06:17:29,3,328ca1,-90,3.85,11,2021-06-01 06:17:29,1.12.3,0,1,4626901,38.309472,-104.35028
2021-06-01 06:17:29,2,328ca1,-65,3.85,11,2021-06-01 06:17:29,1.12.3,0,1,4626901,38.309472,-104.35028
2021-06-01 06:17:36,2,3267b1,-89,3.89,10,2021-06-01 06:17:36,1.12.3,0.01,1,3381062,38.309476,-104.353608
2021-06-01 06:17:36,3,3267b1,-82,3.89,10,2021-06-01 06:17:36,1.12.3,0.01,1,3381062,38.309476,-104.353608
2021-06-01 06:17:38,2,327b01,-93,3.92,12,2021-06-01 06:17:38,1.12.3,0,1,3227215,38.296048,-104.361
2021-06-01 06:17:40,2,329ab2,-97,3.91,9,2021-06-01 06:17:39,1.12.3,0,1,4476744,38.307444,-104.359312
2021-06-01 06:17:41,1,325b16,-96,3.88,7,2021-06-01 06:17:40,1.12.3,0,1,3653713,38.302988,-104.35072
2021-06-01 06:17:41,3,325b16,-83,3.88,7,2021-06-01 06:17:40,1.12.3,0,1,3653713,38.302988,-104.35072
2021-06-01 06:17:41,2,325b16,-85,3.88,7,2021-06-01 06:17:40,1.12.3,0,1,3653713,38.302988,-104.35072
2021-06-01 06:17:49,3,328773,-80,3.89,14,2021-06-01 06:17:50,1.12.3,0,1,3644939,38.311768,-104.359424
2021-06-01 06:17:49,2,328773,-95,3.89,14,2021-06-01 06:17:50,1.12.3,0,1,3644939,38.311768,-104.359424
2021-06-01 06:18:00,2,3260f6,-96,3.87,10,2021-06-01 06:18:00,1.11.3,0.03,1,3613566,38.300672,-104.350544
2021-06-01 06:18:00,3,3260f6,-93,3.87,10,2021-06-01 06:18:00,1.11.3,0.03,1,3613566,38.300672,-104.350544
2021-06-01 06:18:08,2,326182,-87,3.87,12,2021-06-01 06:18:08,1.12.3,0,1,3242195,38.3007,-104.353376
2021-06-01 06:18:08,3,326182,-70,3.87,12,2021-06-01 06:18:08,1.12.3,0,1,3242195,38.3007,-104.353376
2021-06-01 06:18:12,1,3296b8,-89,3.89,11,2021-06-01 06:18:12,1.12.3,0,1,4638427,38.307136,-104.353504
2021-06-01 06:18:22,2,32600d,-84,3.89,10,2021-06-01 06:18:23,1.12.3,0.02,1,2296677,38.282372,-104.367176
2021-06-01 06:18:26,2,329149,-99,3.96,8,2021-06-01 06:18:27,1.12.3,0,1,4438825,38.29608,-104.353424
2021-06-01 06:18:26,3,329149,-85,3.96,8,2021-06-01 06:18:27,1.12.3,0,1,4438825,38.29608,-104.353424
2021-06-01 06:18:28,2,33bd60,-87,4.03,12,2021-06-01 06:18:28,1.12.4,0,1,340758,38.307188,-104.356472
2021-06-01 06:18:28,3,33bd60,-80,4.03,12,2021-06-01 06:18:28,1.12.4,0,1,340758,38.307188,-104.356472
2021-06-01 06:18:29,1,32801d,-99,3.96,16,2021-06-01 06:18:28,1.12.4,0,1,3388365,38.3051,-104.350608
2021-06-01 06:18:29,3,328c5e,-78,3.5,13,2021-06-01 06:18:13,1.12.3,0,1,140523,38.305272,-104.35944
2021-06-01 06:18:29,2,328c5e,-78,3.5,13,2021-06-01 06:18:13,1.12.3,0,1,140523,38.305272,-104.35944
2021-06-01 06:18:37,3,326123,-90,3.88,12,2021-06-01 06:18:38,1.12.3,0,1,3278799,38.292584,-104.358736
2021-06-01 06:18:37,2,326123,-96,3.88,12,2021-06-01 06:18:38,1.12.3,0,1,3278799,38.292584,-104.358736
2021-06-01 06:18:40,1,328452,-99,3.89,11,2021-06-01 06:18:39,1.12.3,0,1,3276753,38.30296,-104.35628
2021-06-01 06:18:40,2,328452,-84,3.89,11,2021-06-01 06:18:39,1.12.3,0,1,3276753,38.30296,-104.35628
2021-06-01 06:18:40,3,328452,-60,3.89,11,2021-06-01 06:18:39,1.12.3,0,1,3276753,38.30296,-104.35628
2021-06-01 06:18:51,2,3282ca,-98,3.86,16,2021-06-01 06:18:51,1.12.3,0,1,4840053,38.313924,-104.359704
2021-06-01 06:18:55,1,325d08,-91,3.85,10,2021-06-01 06:18:55,1.12.3,0.01,1,1383418,38.307272,-104.34788
2021-06-01 06:18:55,2,325d08,-84,3.85,10,2021-06-01 06:18:55,1.12.3,0.01,1,1383418,38.307272,-104.34788
2021-06-01 06:18:55,3,325d08,-95,3.85,10,2021-06-01 06:18:55,1.12.3,0.01,1,1383418,38.307272,-104.34788
2021-06-01 06:18:56,2,329199,-97,3.97,11,2021-06-01 06:18:57,1.12.3,0.03,1,4047996,38.298444,-104.356192
2021-06-01 06:18:56,3,329199,-81,3.97,11,2021-06-01 06:18:57,1.12.3,0.03,1,4047996,38.298444,-104.356192
2021-06-01 06:19:13,2,32b207,-102,3.96,11,2021-06-01 06:19:11,1.12.3,0,1,4223626,38.293792,-104.35632
2021-06-01 06:19:13,3,32b207,-90,3.96,11,2021-06-01 06:19:11,1.12.3,0,1,4223626,38.293792,-104.35632
2021-06-01 06:19:20,1,33895a,-97,3.74,12,2021-06-01 06:19:19,1.12.4,0,1,1582464,38.307204,-104.350672
2021-06-01 06:19:20,2,33895a,-92,3.74,12,2021-06-01 06:19:19,1.12.4,0,1,1582464,38.307204,-104.350672
2021-06-01 06:19:20,3,327e7a,-84,3.92,14,2021-06-01 06:19:19,1.12.3,0,1,4139343,38.294012,-104.35348
2021-06-01 06:19:32,2,328f95,-98,3.9,9,2021-06-01 06:19:33,1.12.3,0,1,3508262,38.298432,-104.359248
2021-06-01 06:20:06,2,328726,-98,4.04,14,2021-06-01 06:20:07,1.12.3,0.05,1,3694976,38.311684,-104.356344
2021-06-01 06:20:06,3,328726,-90,4.04,14,2021-06-01 06:20:07,1.12.3,0.05,1,3694976,38.311684,-104.356344
2021-06-01 06:20:14,2,32930a,-95,3.91,8,2021-06-01 06:20:15,1.12.3,0,1,4893422,38.309296,-104.359464
2021-06-01 06:20:14,3,32930a,-91,3.91,8,2021-06-01 06:20:15,1.12.3,0,1,4893422,38.309296,-104.359464
2021-06-01 06:20:16,3,3278d6,-90,3.91,10,2021-06-01 06:20:17,1.12.3,0,1,3519724,38.296104,-104.356304
2021-06-01 06:20:16,2,3278d6,-98,3.91,10,2021-06-01 06:20:17,1.12.3,0,1,3519724,38.296104,-104.356304
2021-06-01 06:20:27,2,326077,-97,3.87,11,2021-06-01 06:20:27,1.12.3,0,1,3002480,38.293108,-104.361384
2021-06-01 06:20:40,3,32b86d,-88,3.87,13,2021-06-01 06:20:40,1.12.3,0,1,4793252,38.313888,-104.356512
2021-06-01 06:20:40,2,32b86d,-97,3.87,13,2021-06-01 06:20:40,1.12.3,0,1,4793252,38.313888,-104.356512
2021-06-01 06:20:41,2,32785e,-96,4.03,10,2021-06-01 06:20:40,1.12.3,0,1,2515527,38.280008,-104.3674
2021-06-01 06:20:58,1,325d5f,-103,3.85,9,2021-06-01 06:20:57,1.12.3,0,1,3649089,38.303216,-104.359344
2021-06-01 06:20:58,2,325d5f,-75,3.85,9,2021-06-01 06:20:57,1.12.3,0,1,3649089,38.303216,-104.359344
2021-06-01 06:20:58,3,325d5f,-93,3.85,9,2021-06-01 06:20:57,1.12.3,0,1,3649089,38.303216,-104.359344
2021-06-01 06:21:02,2,32845f,-92,3.91,11,2021-06-01 06:21:03,1.12.3,0,1,2444841,38.29154,-104.360536
2021-06-01 06:21:02,3,32845f,-91,3.91,11,2021-06-01 06:21:03,1.12.3,0,1,2444841,38.29154,-104.360536
2021-06-01 06:21:05,2,33d782,-98,3.92,11,2021-06-01 06:21:05,1.12.4,0.08,1,71200,38.29518,-104.3592
2021-06-01 06:21:07,1,328e67,-98,3.88,13,2021-06-01 06:21:08,1.12.3,0.02,1,4450401,38.305304,-104.35332
2021-06-01 06:21:07,3,328e67,-80,3.88,13,2021-06-01 06:21:08,1.12.3,0.02,1,4450401,38.305304,-104.35332
2021-06-01 06:21:26,1,3276b6,-101,3.98,14,2021-06-01 06:21:27,1.12.3,0.02,1,3848035,38.311708,-104.350248
2021-06-01 06:21:26,2,3276b6,-92,3.98,14,2021-06-01 06:21:27,1.12.3,0.02,1,3848035,38.311708,-104.350248
2021-06-01 06:21:26,3,3276b6,-90,3.98,14,2021-06-01 06:21:27,1.12.3,0.02,1,3848035,38.311708,-104.350248
2021-06-01 06:21:29,3,326331,-84,3.89,12,2021-06-01 06:21:29,1.12.3,0.01,1,4362155,38.302972,-104.35336
2021-06-01 06:21:29,2,326331,-81,3.89,12,2021-06-01 06:21:29,1.12.3,0.01,1,4362155,38.302972,-104.35336
2021-06-01 06:21:37,3,329b65,-86,3.98,14,2021-06-01 06:21:37,1.12.3,0,1,4284031,38.313752,-104.35008
2021-06-01 06:21:37,2,329b65,-91,3.98,14,2021-06-01 06:21:37,1.12.3,0,1,4284031,38.313752,-104.35008
2021-06-01 06:21:41,3,33b5bf,-88,3.95,10,2021-06-01 06:21:40,1.12.4,0,1,4224335,38.30322,-104.34804
2021-06-01 06:21:41,2,33b5bf,-96,3.95,10,2021-06-01 06:21:40,1.12.4,0,1,4224335,38.30322,-104.34804
2021-06-01 06:21:56,1,33d486,-64,3.91,9,2021-06-01 06:21:57,1.12.4,0,1,4319598,38.305216,-104.356176
2021-06-01 06:21:56,4,33d486,-97,3.91,9,2021-06-01 06:21:57,1.12.4,0,1,4319598,38.305216,-104.356176
2021-06-01 06:21:56,2,33d486,-57,3.91,9,2021-06-01 06:21:57,1.12.4,0,1,4319598,38.305216,-104.356176
2021-06-01 06:21:56,3,33d486,-49,3.91,9,2021-06-01 06:21:57,1.12.4,0,1,4319598,38.305216,-104.356176
2021-06-01 06:21:57,2,3288c1,-88,3.87,11,2021-06-01 06:21:57,1.12.3,0,1,3511875,38.300724,-104.35624
2021-06-01 06:21:57,3,3288c1,-76,3.87,11,2021-06-01 06:21:57,1.12.3,0,1,3511875,38.300724,-104.35624
2021-06-01 06:22:05,1,327a09,-90,3.88,12,2021-06-01 06:22:05,1.12.3,0,1,3771952,38.309556,-104.347336
2021-06-01 06:22:19,3,3266aa,-84,3.86,12,2021-06-01 06:22:18,1.12.3,0,1,3701649,38.296152,-104.350568
2021-06-01 06:22:19,2,3266aa,-96,3.86,12,2021-06-01 06:22:18,1.12.3,0,1,3701649,38.296152,-104.350568
2021-06-01 06:22:26,1,32b849,-100,3.92,10,2021-06-01 06:22:26,1.12.3,0,1,4376914,38.30078,-104.360224
2021-06-01 06:22:26,2,32b849,-81,3.92,10,2021-06-01 06:22:26,1.12.3,0,1,4376914,38.30078,-104.360224
2021-06-01 06:22:26,3,32b849,-92,3.92,10,2021-06-01 06:22:26,1.12.3,0,1,4376914,38.30078,-104.360224
2021-06-01 06:22:29,1,328ca1,-97,3.85,10,2021-06-01 06:22:30,1.12.3,0,1,4626961,38.309472,-104.35028
2021-06-01 06:22:29,3,328ca1,-83,3.85,10,2021-06-01 06:22:30,1.12.3,0,1,4626961,38.309472,-104.35028
2021-06-01 06:22:29,2,328ca1,-85,3.85,10,2021-06-01 06:22:30,1.12.3,0,1,4626961,38.309472,-104.35028
2021-06-01 06:22:37,3,3267b1,-83,3.89,10,2021-06-01 06:22:36,1.12.3,0,1,3381122,38.309476,-104.353608
2021-06-01 06:22:37,2,3267b1,-89,3.89,10,2021-06-01 06:22:36,1.12.3,0,1,3381122,38.309476,-104.353608
2021-06-01 06:22:39,2,327b01,-93,3.92,12,2021-06-01 06:22:39,1.12.3,0,1,3227275,38.296048,-104.361
2021-06-01 06:22:41,2,329ab2,-97,3.91,9,2021-06-01 06:22:40,1.12.3,0,1,4476804,38.307444,-104.359312
2021-06-01 06:22:41,1,325b16,-103,3.88,7,2021-06-01 06:22:40,1.12.3,0,1,3653772,38.302988,-104.35072
2021-06-01 06:22:41,3,325b16,-83,3.88,7,2021-06-01 06:22:40,1.12.3,0,1,3653772,38.302988,-104.35072
2021-06-01 06:22:41,2,325b16,-85,3.88,7,2021-06-01 06:22:40,1.12.3,0,1,3653772,38.302988,-104.35072
2021-06-01 06:22:49,3,328773,-93,3.89,14,2021-06-01 06:22:50,1.12.3,0,1,3644999,38.311768,-104.359424
2021-06-01 06:22:49,2,328773,-95,3.89,14,2021-06-01 06:22:50,1.12.3,0,1,3644999,38.311768,-104.359424
2021-06-01 06:23:00,3,3260f6,-94,3.87,10,2021-06-01 06:23:01,1.11.3,0.03,1,3613626,38.300672,-104.350544
2021-06-01 06:23:00,2,3260f6,-97,3.87,10,2021-06-01 06:23:01,1.11.3,0.03,1,3613626,38.300672,-104.350544
2021-06-01 06:23:08,3,326182,-70,3.87,12,2021-06-01 06:23:08,1.12.3,0,1,3242254,38.3007,-104.353376
2021-06-01 06:23:08,2,326182,-87,3.87,12,2021-06-01 06:23:08,1.12.3,0,1,3242254,38.3007,-104.353376
2021-06-01 06:23:13,1,3296b8,-89,3.89,11,2021-06-01 06:23:12,1.12.3,0,1,4638487,38.307136,-104.353504
2021-06-01 06:23:13,2,3296b8,-83,3.89,11,2021-06-01 06:23:12,1.12.3,0,1,4638487,38.307136,-104.353504
2021-06-01 06:23:13,3,3296b8,-82,3.89,11,2021-06-01 06:23:12,1.12.3,0,1,4638487,38.307136,-104.353504
2021-06-01 06:23:21,2,328b65,-96,4.05,10,2021-06-01 06:23:21,1.12.3,0,1,4752073,38.309404,-104.356448
2021-06-01 06:23:21,3,328b65,-84,4.05,10,2021-06-01 06:23:21,1.12.3,0,1,4752073,38.309404,-104.356448
2021-06-01 06:23:23,2,32600d,-103,3.89,10,2021-06-01 06:23:23,1.12.3,0.02,1,2296737,38.282372,-104.367176
2021-06-01 06:23:27,2,329149,-99,3.96,8,2021-06-01 06:23:27,1.12.3,0,1,4438885,38.29608,-104.353424
2021-06-01 06:23:27,3,329149,-85,3.96,8,2021-06-01 06:23:27,1.12.3,0,1,4438885,38.29608,-104.353424
2021-06-01 06:23:28,3,33bd60,-80,4.03,12,2021-06-01 06:23:29,1.12.4,0,1,340818,38.307188,-104.356472
2021-06-01 06:23:28,2,33bd60,-88,4.03,12,2021-06-01 06:23:29,1.12.4,0,1,340818,38.307188,-104.356472
2021-06-01 06:23:29,1,32801d,-99,3.96,16,2021-06-01 06:23:28,1.12.4,0,1,3388424,38.3051,-104.350608
2021-06-01 06:23:33,3,328c5e,-89,3.5,13,2021-06-01 06:23:18,1.12.3,0,1,140553,38.305272,-104.35944
2021-06-01 06:23:33,2,328c5e,-78,3.5,13,2021-06-01 06:23:18,1.12.3,0,1,140553,38.305272,-104.35944
2021-06-01 06:23:37,2,326123,-96,3.88,12,2021-06-01 06:23:38,1.12.3,0,1,3278858,38.292584,-104.358736
2021-06-01 06:23:37,3,326123,-89,3.88,12,2021-06-01 06:23:38,1.12.3,0,1,3278858,38.292584,-104.358736
2021-06-01 06:23:40,1,328452,-98,3.89,11,2021-06-01 06:23:39,1.12.3,0,1,3276813,38.30296,-104.35628
2021-06-01 06:23:40,3,328452,-60,3.89,11,2021-06-01 06:23:39,1.12.3,0,1,3276813,38.30296,-104.35628
2021-06-01 06:23:40,2,328452,-84,3.89,11,2021-06-01 06:23:39,1.12.3,0,1,3276813,38.30296,-104.35628
2021-06-01 06:23:55,1,325d08,-91,3.85,10,2021-06-01 06:23:56,1.12.3,0.01,1,1383477,38.307272,-104.34788
2021-06-01 06:23:57,3,329199,-81,3.97,11,2021-06-01 06:23:57,1.12.3,0.03,1,4048056,38.298444,-104.356192
2021-06-01 06:23:57,2,329199,-98,3.97,11,2021-06-01 06:23:57,1.12.3,0.03,1,4048056,38.298444,-104.356192
2021-06-01 06:24:14,2,32b207,-96,3.96,11,2021-06-01 06:24:11,1.12.3,0,1,4223686,38.293792,-104.35632
2021-06-01 06:24:14,3,32b207,-90,3.96,11,2021-06-01 06:24:11,1.12.3,0,1,4223686,38.293792,-104.35632
2021-06-01 06:24:20,1,33895a,-99,3.74,11,2021-06-01 06:24:19,1.12.4,0,1,1582524,38.307204,-104.350672
2021-06-01 06:24:20,2,33895a,-92,3.74,11,2021-06-01 06:24:19,1.12.4,0,1,1582524,38.307204,-104.350672
2021-06-01 06:24:20,3,327e7a,-84,3.92,14,2021-06-01 06:24:19,1.12.3,0,1,4139403,38.294012,-104.35348
2021-06-01 06:24:32,2,328f95,-97,3.9,8,2021-06-01 06:24:33,1.12.3,0,1,3508322,38.298432,-104.359248
2021-06-01 06:25:07,2,328726,-96,4.04,14,2021-06-01 06:25:07,1.12.3,0.05,1,3695035,38.311684,-104.356344
2021-06-01 06:25:15,2,32930a,-95,3.91,8,2021-06-01 06:25:15,1.12.3,0,1,4893482,38.309296,-104.359464
2021-06-01 06:25:15,3,32930a,-91,3.91,8,2021-06-01 06:25:15,1.12.3,0,1,4893482,38.309296,-104.359464
2021-06-01 06:25:17,3,3278d6,-91,3.91,10,2021-06-01 06:25:17,1.12.3,0,1,3519783,38.296096,-104.356344
2021-06-01 06:25:17,2,3278d6,-96,3.91,10,2021-06-01 06:25:17,1.12.3,0,1,3519783,38.296096,-104.356344
2021-06-01 06:25:27,3,326532,-85,3.89,10,2021-06-01 06:25:27,1.12.3,0,1,4130125,38.298416,-104.35056
2021-06-01 06:25:27,2,326532,-96,3.89,10,2021-06-01 06:25:27,1.12.3,0,1,4130125,38.298416,-104.35056
2021-06-01 06:25:27,2,326077,-97,3.87,11,2021-06-01 06:25:28,1.12.3,0,1,3002539,38.293108,-104.361384
2021-06-01 06:25:28,3,328d01,-83,3.87,11,2021-06-01 06:25:29,1.12.3,0,1,3813832,38.298368,-104.353416
2021-06-01 06:25:28,2,328d01,-96,3.87,11,2021-06-01 06:25:29,1.12.3,0,1,3813832,38.298368,-104.353416
2021-06-01 06:25:40,3,32b86d,-93,3.87,13,2021-06-01 06:25:40,1.12.3,0,1,4793312,38.313888,-104.356512
2021-06-01 06:25:40,2,32b86d,-101,3.87,13,2021-06-01 06:25:40,1.12.3,0,1,4793312,38.313888,-104.356512
2021-06-01 06:25:58,1,325d5f,-103,3.85,9,2021-06-01 06:25:58,1.12.3,0,1,3649149,38.303216,-104.359344
2021-06-01 06:25:58,2,325d5f,-75,3.85,9,2021-06-01 06:25:58,1.12.3,0,1,3649149,38.303216,-104.359344
2021-06-01 06:25:58,3,325d5f,-81,3.85,9,2021-06-01 06:25:58,1.12.3,0,1,3649149,38.303216,-104.359344
2021-06-01 06:26:03,2,32845f,-92,3.91,11,2021-06-01 06:26:03,1.12.3,0,1,2444901,38.29154,-104.360536
2021-06-01 06:26:03,3,32845f,-92,3.91,11,2021-06-01 06:26:03,1.12.3,0,1,2444901,38.29154,-104.360536
2021-06-01 06:26:06,2,33d782,-96,3.92,11,2021-06-01 06:26:05,1.12.4,0.08,1,71259,38.29518,-104.3592
2021-06-01 06:26:07,1,328e67,-97,3.88,12,2021-06-01 06:26:08,1.12.3,0.01,1,4450461,38.305304,-104.35332
2021-06-01 06:26:27,1,3276b6,-105,3.98,14,2021-06-01 06:26:27,1.12.3,0.02,1,3848095,38.311708,-104.350248
2021-06-01 06:26:27,2,3276b6,-92,3.98,14,2021-06-01 06:26:27,1.12.3,0.02,1,3848095,38.311708,-104.350248
2021-06-01 06:26:29,3,326331,-87,3.88,12,2021-06-01 06:26:30,1.12.3,0.01,1,4362214,38.302972,-104.35336
2021-06-01 06:26:29,2,326331,-81,3.88,12,2021-06-01 06:26:30,1.12.3,0.01,1,4362214,38.302972,-104.35336
2021-06-01 06:26:37,2,329b65,-91,3.98,14,2021-06-01 06:26:38,1.12.3,0,1,4284091,38.313752,-104.35008
2021-06-01 06:26:37,3,329b65,-86,3.98,14,2021-06-01 06:26:38,1.12.3,0,1,4284091,38.313752,-104.35008
2021-06-01 06:26:41,3,33b5bf,-89,3.96,10,2021-06-01 06:26:41,1.12.4,0,1,4224395,38.30322,-104.34804
2021-06-01 06:26:41,2,33b5bf,-96,3.96,10,2021-06-01 06:26:41,1.12.4,0,1,4224395,38.30322,-104.34804
2021-06-01 06:26:49,2,32b8ee,-88,3.81,10,2021-06-01 06:26:49,1.12.3,0.02,1,3192833,38.29072,-104.36292
2021-06-01 06:26:57,1,33d486,-64,3.91,9,2021-06-01 06:26:57,1.12.4,0,1,4319658,38.305216,-104.356176
2021-06-01 06:26:57,4,33d486,-96,3.91,9,2021-06-01 06:26:57,1.12.4,0,1,4319658,38.305216,-104.356176
2021-06-01 06:26:57,3,3288c1,-78,3.87,11,2021-06-01 06:26:58,1.12.3,0,1,3511935,38.300724,-104.35624
2021-06-01 06:26:57,2,3288c1,-89,3.87,11,2021-06-01 06:26:58,1.12.3,0,1,3511935,38.300724,-104.35624
2021-06-01 06:27:06,1,327a09,-90,3.88,12,2021-06-01 06:27:05,1.12.3,0,1,3772011,38.309556,-104.347336
2021-06-01 06:27:06,3,327a09,-89,3.88,12,2021-06-01 06:27:05,1.12.3,0,1,3772011,38.309556,-104.347336
2021-06-01 06:27:06,2,327a09,-87,3.88,12,2021-06-01 06:27:05,1.12.3,0,1,3772011,38.309556,-104.347336
2021-06-01 06:27:26,1,32b849,-100,3.92,10,2021-06-01 06:27:26,1.12.3,0,1,4376974,38.30078,-104.360224
2021-06-01 06:27:26,2,32b849,-81,3.92,10,2021-06-01 06:27:26,1.12.3,0,1,4376974,38.30078,-104.360224
2021-06-01 06:27:26,3,32b849,-92,3.92,10,2021-06-01 06:27:26,1.12.3,0,1,4376974,38.30078,-104.360224
2021-06-01 06:27:29,1,328ca1,-98,3.85,10,2021-06-01 06:27:30,1.12.3,0,1,4627021,38.309472,-104.35028
2021-06-01 06:27:30,2,328ca1,-91,3.85,10,2021-06-01 06:27:30,1.12.3,0,1,4627021,38.309472,-104.35028
2021-06-01 06:27:30,3,328ca1,-90,3.85,10,2021-06-01 06:27:30,1.12.3,0,1,4627021,38.309472,-104.35028
2021-06-01 06:27:37,3,3267b1,-82,3.89,10,2021-06-01 06:27:37,1.12.3,0,1,3381182,38.309476,-104.353608
2021-06-01 06:27:37,2,3267b1,-89,3.89,10,2021-06-01 06:27:37,1.12.3,0,1,3381182,38.309476,-104.353608
2021-06-01 06:27:41,2,329ab2,-102,3.9,9,2021-06-01 06:27:42,1.12.3,0,1,4476864,38.307404,-104.359304
2021-06-01 06:27:41,1,325b16,-103,3.88,7,2021-06-01 06:27:41,1.12.3,0,1,3653831,38.302988,-104.35072
2021-06-01 06:27:41,3,325b16,-83,3.88,7,2021-06-01 06:27:41,1.12.3,0,1,3653831,38.302988,-104.35072
2021-06-01 06:27:41,2,325b16,-85,3.88,7,2021-06-01 06:27:41,1.12.3,0,1,3653831,38.302988,-104.35072
2021-06-01 06:27:50,3,328773,-92,3.88,13,2021-06-01 06:27:50,1.12.3,0,1,3645059,38.311768,-104.359424
2021-06-01 06:27:50,2,328773,-95,3.88,13,2021-06-01 06:27:50,1.12.3,0,1,3645059,38.311768,-104.359424
2021-06-01 06:28:00,3,3260f6,-88,3.87,10,2021-06-01 06:28:01,1.11.3,0.03,1,3613686,38.300672,-104.350544
2021-06-01 06:28:00,2,3260f6,-98,3.87,10,2021-06-01 06:28:01,1.11.3,0.03,1,3613686,38.300672,-104.350544
2021-06-01 06:28:08,2,326182,-87,3.87,12,2021-06-01 06:28:09,1.12.3,0,1,3242313,38.3007,-104.353376
2021-06-01 06:28:08,3,326182,-70,3.87,12,2021-06-01 06:28:09,1.12.3,0,1,3242313,38.3007,-104.353376
2021-06-01 06:28:13,1,3296b8,-89,3.89,11,2021-06-01 06:28:13,1.12.3,0,1,4638547,38.307136,-104.353504
2021-06-01 06:28:13,2,3296b8,-83,3.89,11,2021-06-01 06:28:13,1.12.3,0,1,4638547,38.307136,-104.353504
2021-06-01 06:28:13,3,3296b8,-81,3.89,11,2021-06-01 06:28:13,1.12.3,0,1,4638547,38.307136,-104.353504
2021-06-01 06:28:21,3,328b65,-84,4.05,10,2021-06-01 06:28:21,1.12.3,0,1,4752133,38.309404,-104.356448
2021-06-01 06:28:27,2,329149,-97,3.95,8,2021-06-01 06:28:28,1.12.3,0,1,4438944,38.29608,-104.353424
2021-06-01 06:28:27,3,329149,-85,3.95,8,2021-06-01 06:28:28,1.12.3,0,1,4438944,38.29608,-104.353424
2021-06-01 06:28:28,2,33bd60,-88,4.03,12,2021-06-01 06:28:29,1.12.4,0,1,340878,38.307188,-104.356472
2021-06-01 06:28:28,3,33bd60,-80,4.03,12,2021-06-01 06:28:29,1.12.4,0,1,340878,38.307188,-104.356472
2021-06-01 06:28:29,1,32801d,-99,3.96,16,2021-06-01 06:28:28,1.12.4,0,1,3388483,38.3051,-104.350608
2021-06-01 06:28:29,3,32801d,-84,3.96,16,2021-06-01 06:28:28,1.12.4,0,1,3388483,38.3051,-104.350608
2021-06-01 06:28:29,2,32801d,-89,3.96,16,2021-06-01 06:28:28,1.12.4,0,1,3388483,38.3051,-104.350608
2021-06-01 06:28:37,3,328c5e,-89,3.5,12,2021-06-01 06:28:22,1.12.3,0,1,140583,38.305272,-104.35944
2021-06-01 06:28:38,3,326123,-90,3.88,12,2021-06-01 06:28:38,1.12.3,0,1,3278918,38.292584,-104.358736
2021-06-01 06:28:38,2,326123,-96,3.88,12,2021-06-01 06:28:38,1.12.3,0,1,3278918,38.292584,-104.358736
2021-06-01 06:28:40,1,328452,-97,3.89,11,2021-06-01 06:28:39,1.12.3,0,1,3276873,38.30296,-104.35628
2021-06-01 06:28:52,2,3282ca,-97,3.86,15,2021-06-01 06:28:51,1.12.3,0,1,4840173,38.313924,-104.359704
2021-06-01 06:28:55,1,325d08,-91,3.85,10,2021-06-01 06:28:56,1.12.3,0.01,1,1383537,38.307272,-104.34788
2021-06-01 06:28:55,2,325d08,-84,3.85,10,2021-06-01 06:28:56,1.12.3,0.01,1,1383537,38.307272,-104.34788
2021-06-01 06:28:57,3,329199,-81,3.97,11,2021-06-01 06:28:57,1.12.3,0.03,1,4048116,38.298444,-104.356192
2021-06-01 06:29:14,3,32b207,-90,3.96,11,2021-06-01 06:29:11,1.12.3,0,1,4223745,38.293792,-104.35632
2021-06-01 06:29:20,1,33895a,-98,3.74,11,2021-06-01 06:29:20,1.12.4,0,1,1582583,38.307204,-104.350672
2021-06-01 06:29:20,2,33895a,-92,3.74,11,2021-06-01 06:29:20,1.12.4,0,1,1582583,38.307204,-104.350672
2021-06-01 06:29:21,3,327e7a,-84,3.92,14,2021-06-01 06:29:20,1.12.3,0,1,4139462,38.294012,-104.35348
2021-06-01 06:29:33,2,328f95,-97,3.9,8,2021-06-01 06:29:33,1.12.3,0,1,3508381,38.298432,-104.359248
2021-06-01 06:30:07,3,328726,-88,4.04,14,2021-06-01 06:30:08,1.12.3,0.05,1,3695095,38.311684,-104.356344
2021-06-01 06:30:07,2,328726,-96,4.04,14,2021-06-01 06:30:08,1.12.3,0.05,1,3695095,38.311684,-104.356344
2021-06-01 06:30:15,2,32930a,-95,3.91,8,2021-06-01 06:30:15,1.12.3,0,1,4893542,38.309296,-104.359464
2021-06-01 06:30:15,3,32930a,-91,3.91,8,2021-06-01 06:30:15,1.12.3,0,1,4893542,38.309296,-104.359464
2021-06-01 06:30:17,2,3278d6,-97,3.91,10,2021-06-01 06:30:17,1.12.3,0,1,3519843,38.296096,-104.356344
2021-06-01 06:30:17,3,3278d6,-90,3.91,10,2021-06-01 06:30:17,1.12.3,0,1,3519843,38.296096,-104.356344
2021-06-01 06:30:27,2,326532,-98,3.89,9,2021-06-01 06:30:27,1.12.3,0,1,4130184,38.298416,-104.35056
2021-06-01 06:30:27,3,326532,-85,3.89,9,2021-06-01 06:30:27,1.12.3,0,1,4130184,38.298416,-104.35056
2021-06-01 06:30:27,2,326077,-97,3.87,11,2021-06-01 06:30:28,1.12.3,0,1,3002599,38.293108,-104.361384
2021-06-01 06:30:29,2,328d01,-100,3.87,11,2021-06-01 06:30:29,1.12.3,0,1,3813891,38.298368,-104.353416
2021-06-01 06:30:29,3,328d01,-83,3.87,11,2021-06-01 06:30:29,1.12.3,0,1,3813891,38.298368,-104.353416
2021-06-01 06:30:40,2,32b86d,-96,3.87,13,2021-06-01 06:30:40,1.12.3,0,1,4793372,38.313888,-104.356512
2021-06-01 06:30:40,3,32b86d,-93,3.87,13,2021-06-01 06:30:40,1.12.3,0,1,4793372,38.313888,-104.356512
2021-06-01 06:30:41,2,32785e,-98,4.03,10,2021-06-01 06:30:42,1.12.3,0,1,2515647,38.280016,-104.367392
2021-06-01 06:30:58,1,325d5f,-104,3.85,9,2021-06-01 06:30:58,1.12.3,0,1,3649209,38.303216,-104.359344
2021-06-01 06:30:58,2,325d5f,-75,3.85,9,2021-06-01 06:30:58,1.12.3,0,1,3649209,38.303216,-104.359344
2021-06-01 06:30:58,3,325d5f,-94,3.85,9,2021-06-01 06:30:58,1.12.3,0,1,3649209,38.303216,-104.359344
2021-06-01 06:31:03,2,32845f,-92,3.91,11,2021-06-01 06:31:03,1.12.3,0,1,2444961,38.29154,-104.360536
2021-06-01 06:31:03,3,32845f,-92,3.91,11,2021-06-01 06:31:03,1.12.3,0,1,2444961,38.29154,-104.360536
2021-06-01 06:31:06,2,33d782,-98,3.92,10,2021-06-01 06:31:06,1.12.4,0.08,1,71318,38.29518,-104.3592
2021-06-01 06:31:08,1,328e67,-98,3.88,12,2021-06-01 06:31:08,1.12.3,0.01,1,4450520,38.305312,-104.35332
2021-06-01 06:31:08,3,328e67,-81,3.88,12,2021-06-01 06:31:08,1.12.3,0.01,1,4450520,38.305312,-104.35332
2021-06-01 06:31:08,2,328e67,-81,3.88,12,2021-06-01 06:31:08,1.12.3,0.01,1,4450520,38.305312,-104.35332
2021-06-01 06:31:27,1,3276b6,-105,3.98,14,2021-06-01 06:31:27,1.12.3,0.02,1,3848155,38.311708,-104.350248
2021-06-01 06:31:27,2,3276b6,-92,3.98,14,2021-06-01 06:31:27,1.12.3,0.02,1,3848155,38.311708,-104.350248
2021-06-01 06:31:27,3,3276b6,-90,3.98,14,2021-06-01 06:31:27,1.12.3,0.02,1,3848155,38.311708,-104.350248
2021-06-01 06:31:30,2,326331,-81,3.88,11,2021-06-01 06:31:29,1.12.3,0.01,1,4362274,38.302956,-104.353416
2021-06-01 06:31:30,3,326331,-87,3.88,11,2021-06-01 06:31:29,1.12.3,0.01,1,4362274,38.302956,-104.353416
2021-06-01 06:31:38,3,329b65,-85,3.98,14,2021-06-01 06:31:38,1.12.3,0,1,4284151,38.313752,-104.35008
2021-06-01 06:31:38,2,329b65,-91,3.98,14,2021-06-01 06:31:38,1.12.3,0,1,4284151,38.313752,-104.35008
2021-06-01 06:31:41,3,33b5bf,-89,3.95,10,2021-06-01 06:31:41,1.12.4,0,1,4224455,38.30322,-104.34804
2021-06-01 06:31:41,2,33b5bf,-96,3.95,10,2021-06-01 06:31:41,1.12.4,0,1,4224455,38.30322,-104.34804
2021-06-01 06:31:50,2,32b8ee,-91,3.81,10,2021-06-01 06:31:49,1.12.3,0.02,1,3192893,38.29072,-104.36292
2021-06-01 06:31:57,1,33d486,-64,3.91,9,2021-06-01 06:31:57,1.12.4,0,1,4319718,38.305216,-104.356176
2021-06-01 06:31:57,2,33d486,-57,3.91,9,2021-06-01 06:31:57,1.12.4,0,1,4319718,38.305216,-104.356176
2021-06-01 06:31:57,4,33d486,-103,3.91,9,2021-06-01 06:31:57,1.12.4,0,1,4319718,38.305216,-104.356176
2021-06-01 06:31:57,3,33d486,-49,3.91,9,2021-06-01 06:31:57,1.12.4,0,1,4319718,38.305216,-104.356176
2021-06-01 06:32:06,1,327a09,-90,3.87,11,2021-06-01 06:32:06,1.12.3,0,1,3772071,38.309556,-104.347336
2021-06-01 06:32:06,3,327a09,-84,3.87,11,2021-06-01 06:32:06,1.12.3,0,1,3772071,38.309556,-104.347336
2021-06-01 06:32:06,2,327a09,-87,3.87,11,2021-06-01 06:32:06,1.12.3,0,1,3772071,38.309556,-104.347336
2021-06-01 06:32:19,2,3266aa,-90,3.86,12,2021-06-01 06:32:18,1.12.3,0,1,3701768,38.296152,-104.350568
2021-06-01 06:32:19,3,3266aa,-84,3.86,12,2021-06-01 06:32:18,1.12.3,0,1,3701768,38.296152,-104.350568
2021-06-01 06:32:26,1,32b849,-99,3.92,10,2021-06-01 06:32:27,1.12.3,0,1,4377033,38.30078,-104.360224
2021-06-01 06:32:27,2,32b849,-81,3.92,10,2021-06-01 06:32:27,1.12.3,0,1,4377033,38.30078,-104.360224
2021-06-01 06:32:27,3,32b849,-92,3.92,10,2021-06-01 06:32:27,1.12.3,0,1,4377033,38.30078,-104.360224
2021-06-01 06:32:30,1,328ca1,-98,3.85,10,2021-06-01 06:32:30,1.12.3,0,1,4627081,38.309472,-104.35028
2021-06-01 06:32:30,3,328ca1,-90,3.85,10,2021-06-01 06:32:30,1.12.3,0,1,4627081,38.309472,-104.35028
2021-06-01 06:32:30,2,328ca1,-91,3.85,10,2021-06-01 06:32:30,1.12.3,0,1,4627081,38.309472,-104.35028
2021-06-01 06:32:37,2,3267b1,-89,3.89,10,2021-06-01 06:32:37,1.12.3,0,1,3381241,38.309476,-104.353608
2021-06-01 06:32:37,3,3267b1,-83,3.89,10,2021-06-01 06:32:37,1.12.3,0,1,3381241,38.309476,-104.353608
2021-06-01 06:32:39,2,327b01,-93,3.92,12,2021-06-01 06:32:39,1.12.3,0,1,3227395,38.296048,-104.361
2021-06-01 06:32:41,2,329ab2,-96,3.91,8,2021-06-01 06:32:42,1.12.3,0,1,4476923,38.307364,-104.35932
2021-06-01 06:32:42,1,325b16,-99,3.88,6,2021-06-01 06:32:41,1.12.3,0,1,3653891,38.302988,-104.35072
2021-06-01 06:32:42,2,325b16,-85,3.88,6,2021-06-01 06:32:41,1.12.3,0,1,3653891,38.302988,-104.35072
2021-06-01 06:32:42,3,325b16,-83,3.88,6,2021-06-01 06:32:41,1.12.3,0,1,3653891,38.302988,-104.35072
2021-06-01 06:32:50,3,328773,-93,3.89,13,2021-06-01 06:32:51,1.12.3,0,1,3645119,38.311768,-104.359424
2021-06-01 06:32:50,2,328773,-96,3.89,13,2021-06-01 06:32:51,1.12.3,0,1,3645119,38.311768,-104.359424
2021-06-01 06:33:01,2,3260f6,-97,3.87,10,2021-06-01 06:33:01,1.11.3,0.03,1,3613746,38.300672,-104.350544
2021-06-01 06:33:01,3,3260f6,-93,3.87,10,2021-06-01 06:33:01,1.11.3,0.03,1,3613746,38.300672,-104.350544
2021-06-01 06:33:08,3,326182,-70,3.87,12,2021-06-01 06:33:09,1.12.3,0,1,3242372,38.3007,-104.353376
2021-06-01 06:33:08,2,326182,-87,3.87,12,2021-06-01 06:33:09,1.12.3,0,1,3242372,38.3007,-104.353376
2021-06-01 06:33:13,1,3296b8,-90,3.89,11,2021-06-01 06:33:14,1.12.3,0,1,4638594,38.307048,-104.353504
2021-06-01 06:33:13,3,3296b8,-82,3.89,11,2021-06-01 06:33:14,1.12.3,0,1,4638594,38.307048,-104.353504
2021-06-01 06:33:13,2,3296b8,-83,3.89,11,2021-06-01 06:33:14,1.12.3,0,1,4638594,38.307048,-104.353504
2021-06-01 06:33:21,3,328b65,-84,4.05,10,2021-06-01 06:33:22,1.12.3,0,1,4752193,38.309404,-104.356448
2021-06-01 06:33:21,2,328b65,-98,4.05,10,2021-06-01 06:33:22,1.12.3,0,1,4752193,38.309404,-104.356448
2021-06-01 06:33:28,3,33bd60,-79,4.03,12,2021-06-01 06:33:29,1.12.4,0,1,340937,38.307188,-104.356472
2021-06-01 06:33:30,1,32801d,-99,3.96,15,2021-06-01 06:33:29,1.12.4,0,1,3388542,38.3051,-104.350608
2021-06-01 06:33:38,3,326123,-90,3.88,11,2021-06-01 06:33:38,1.12.3,0,1,3278977,38.292584,-104.358736
2021-06-01 06:33:38,2,326123,-96,3.88,11,2021-06-01 06:33:38,1.12.3,0,1,3278977,38.292584,-104.358736
2021-06-01 06:33:41,1,328452,-99,3.89,10,2021-06-01 06:33:40,1.12.3,0,1,3276932,38.30296,-104.35628
2021-06-01 06:33:41,2,328452,-84,3.89,10,2021-06-01 06:33:40,1.12.3,0,1,3276932,38.30296,-104.35628
2021-06-01 06:33:41,3,328452,-60,3.89,10,2021-06-01 06:33:40,1.12.3,0,1,3276932,38.30296,-104.35628
2021-06-01 06:33:41,2,328c5e,-78,3.5,12,2021-06-01 06:33:26,1.12.3,0,1,140613,38.305272,-104.35944
2021-06-01 06:33:41,3,328c5e,-89,3.5,12,2021-06-01 06:33:26,1.12.3,0,1,140613,38.305272,-104.35944
2021-06-01 06:33:56,1,325d08,-91,3.85,9,2021-06-01 06:33:56,1.12.3,0.01,1,1383597,38.307272,-104.34788
2021-06-01 06:33:57,3,329199,-81,3.97,11,2021-06-01 06:33:58,1.12.3,0.03,1,4048176,38.298444,-104.356192
2021-06-01 06:34:14,2,32b207,-96,3.96,11,2021-06-01 06:34:12,1.12.3,0,1,4223805,38.293792,-104.35632
2021-06-01 06:34:14,3,32b207,-90,3.96,11,2021-06-01 06:34:12,1.12.3,0,1,4223805,38.293792,-104.35632
2021-06-01 06:34:20,1,33895a,-99,3.74,11,2021-06-01 06:34:20,1.12.4,0,1,1582642,38.307204,-104.350672
2021-06-01 06:34:20,2,33895a,-92,3.74,11,2021-06-01 06:34:20,1.12.4,0,1,1582642,38.307204,-104.350672
2021-06-01 06:34:21,3,327e7a,-84,3.92,14,2021-06-01 06:34:20,1.12.3,0,1,4139522,38.294012,-104.35348
2021-06-01 06:34:21,2,327e7a,-102,3.92,14,2021-06-01 06:34:20,1.12.3,0,1,4139522,38.294012,-104.35348
2021-06-01 06:34:33,2,328f95,-97,3.9,8,2021-06-01 06:34:33,1.12.3,0,1,3508441,38.298432,-104.359248
2021-06-01 06:35:15,3,32930a,-91,3.91,8,2021-06-01 06:35:16,1.12.3,0,1,4893602,38.309296,-104.359464
2021-06-01 06:35:15,2,32930a,-95,3.91,8,2021-06-01 06:35:16,1.12.3,0,1,4893602,38.309296,-104.359464
2021-06-01 06:35:17,3,3278d6,-91,3.91,10,2021-06-01 06:35:18,1.12.3,0,1,3519903,38.296096,-104.356344
2021-06-01 06:35:17,2,3278d6,-98,3.91,10,2021-06-01 06:35:18,1.12.3,0,1,3519903,38.296096,-104.356344
2021-06-01 06:35:28,2,326532,-97,3.89,9,2021-06-01 06:35:28,1.12.3,0,1,4130243,38.298416,-104.35056
2021-06-01 06:35:28,3,326532,-85,3.89,9,2021-06-01 06:35:28,1.12.3,0,1,4130243,38.298416,-104.35056
2021-06-01 06:35:28,2,326077,-100,3.87,11,2021-06-01 06:35:28,1.12.3,0,1,3002659,38.293108,-104.361384
2021-06-01 06:35:29,3,328d01,-83,3.87,11,2021-06-01 06:35:29,1.12.3,0,1,3813951,38.298368,-104.353416
2021-06-01 06:35:29,2,328d01,-102,3.87,11,2021-06-01 06:35:29,1.12.3,0,1,3813951,38.298368,-104.353416
2021-06-01 06:35:40,3,32b86d,-94,3.87,13,2021-06-01 06:35:41,1.12.3,0,1,4793432,38.313888,-104.356512
2021-06-01 06:35:42,2,32785e,-99,4.03,10,2021-06-01 06:35:42,1.12.3,0,1,2515707,38.280016,-104.367392
2021-06-01 06:35:59,1,325d5f,-100,3.85,9,2021-06-01 06:35:58,1.12.3,0,1,3649269,38.303216,-104.359344
2021-06-01 06:35:59,2,325d5f,-75,3.85,9,2021-06-01 06:35:58,1.12.3,0,1,3649269,38.303216,-104.359344
2021-06-01 06:35:59,3,325d5f,-93,3.85,9,2021-06-01 06:35:58,1.12.3,0,1,3649269,38.303216,-104.359344
2021-06-01 06:36:03,2,32845f,-92,3.91,11,2021-06-01 06:36:04,1.12.3,0,1,2445020,38.29154,-104.360536
2021-06-01 06:36:03,3,32845f,-92,3.91,11,2021-06-01 06:36:04,1.12.3,0,1,2445020,38.29154,-104.360536
2021-06-01 06:36:06,2,33d782,-98,3.92,11,2021-06-01 06:36:06,1.12.4,0.08,1,71377,38.29518,-104.3592
2021-06-01 06:36:08,1,328e67,-98,3.88,12,2021-06-01 06:36:09,1.12.3,0.01,1,4450580,38.305312,-104.35332
2021-06-01 06:36:08,3,328e67,-80,3.88,12,2021-06-01 06:36:09,1.12.3,0.01,1,4450580,38.305312,-104.35332
2021-06-01 06:36:08,2,328e67,-82,3.88,12,2021-06-01 06:36:09,1.12.3,0.01,1,4450580,38.305312,-104.35332
2021-06-01 06:36:27,1,3276b6,-105,3.97,14,2021-06-01 06:36:28,1.12.3,0.02,1,3848214,38.311692,-104.350256
2021-06-01 06:36:27,2,3276b6,-92,3.97,14,2021-06-01 06:36:28,1.12.3,0.02,1,3848214,38.311692,-104.350256
2021-06-01 06:36:27,3,3276b6,-90,3.97,14,2021-06-01 06:36:28,1.12.3,0.02,1,3848214,38.311692,-104.350256
2021-06-01 06:36:30,2,326331,-81,3.88,11,2021-06-01 06:36:29,1.12.3,0.01,1,4362334,38.302944,-104.353368
2021-06-01 06:36:30,3,326331,-87,3.88,11,2021-06-01 06:36:29,1.12.3,0.01,1,4362334,38.302944,-104.353368
2021-06-01 06:36:38,3,329b65,-86,3.98,14,2021-06-01 06:36:39,1.12.3,0,1,4284210,38.313752,-104.35008
2021-06-01 06:36:38,2,329b65,-91,3.98,14,2021-06-01 06:36:39,1.12.3,0,1,4284210,38.313752,-104.35008
2021-06-01 06:36:42,3,33b5bf,-89,3.95,10,2021-06-01 06:36:41,1.12.4,0,1,4224514,38.30322,-104.34804
2021-06-01 06:36:42,2,33b5bf,-96,3.95,10,2021-06-01 06:36:41,1.12.4,0,1,4224514,38.30322,-104.34804
2021-06-01 06:36:50,2,32b8ee,-91,3.81,10,2021-06-01 06:36:50,1.12.3,0.02,1,3192953,38.29072,-104.36292
2021-06-01 06:36:57,1,33d486,-64,3.91,8,2021-06-01 06:36:58,1.12.4,0,1,4319778,38.305216,-104.356176
2021-06-01 06:36:57,2,33d486,-57,3.91,8,2021-06-01 06:36:58,1.12.4,0,1,4319778,38.305216,-104.356176
2021-06-01 06:36:57,4,33d486,-103,3.91,8,2021-06-01 06:36:58,1.12.4,0,1,4319778,38.305216,-104.356176
2021-06-01 06:36:57,3,33d486,-49,3.91,8,2021-06-01 06:36:58,1.12.4,0,1,4319778,38.305216,-104.356176
2021-06-01 06:37:06,1,327a09,-90,3.88,11,2021-06-01 06:37:06,1.12.3,0,1,3772131,38.309556,-104.347336
2021-06-01 06:37:06,3,327a09,-89,3.88,11,2021-06-01 06:37:06,1.12.3,0,1,3772131,38.309556,-104.347336
2021-06-01 06:37:06,2,327a09,-87,3.88,11,2021-06-01 06:37:06,1.12.3,0,1,3772131,38.309556,-104.347336
2021-06-01 06:37:20,3,3266aa,-84,3.86,11,2021-06-01 06:37:19,1.12.3,0,1,3701827,38.296152,-104.350568
2021-06-01 06:37:20,2,3266aa,-96,3.86,11,2021-06-01 06:37:19,1.12.3,0,1,3701827,38.296152,-104.350568
2021-06-01 06:37:27,1,32b849,-101,3.92,10,2021-06-01 06:37:27,1.12.3,0,1,4377093,38.30078,-104.360224
2021-06-01 06:37:27,2,32b849,-81,3.92,10,2021-06-01 06:37:27,1.12.3,0,1,4377093,38.30078,-104.360224
2021-06-01 06:37:27,3,32b849,-93,3.92,10,2021-06-01 06:37:27,1.12.3,0,1,4377093,38.30078,-104.360224
2021-06-01 06:37:30,1,328ca1,-98,3.85,10,2021-06-01 06:37:31,1.12.3,0,1,4627141,38.309472,-104.35028
2021-06-01 06:37:30,2,328ca1,-91,3.85,10,2021-06-01 06:37:31,1.12.3,0,1,4627141,38.309472,-104.35028
2021-06-01 06:37:30,3,328ca1,-90,3.85,10,2021-06-01 06:37:31,1.12.3,0,1,4627141,38.309472,-104.35028
2021-06-01 06:37:38,3,3267b1,-82,3.89,10,2021-06-01 06:37:37,1.12.3,0,1,3381301,38.309476,-104.353608
2021-06-01 06:37:38,2,3267b1,-89,3.89,10,2021-06-01 06:37:37,1.12.3,0,1,3381301,38.309476,-104.353608
2021-06-01 06:37:40,2,327b01,-89,3.91,12,2021-06-01 06:37:40,1.12.3,0,1,3227454,38.296048,-104.361
2021-06-01 06:37:42,2,329ab2,-103,3.91,8,2021-06-01 06:37:42,1.12.3,0,1,4476983,38.307364,-104.35932
2021-06-01 06:37:42,1,325b16,-103,3.88,6,2021-06-01 06:37:41,1.12.3,0,1,3653951,38.302988,-104.35072
2021-06-01 06:37:42,3,325b16,-83,3.88,6,2021-06-01 06:37:41,1.12.3,0,1,3653951,38.302988,-104.35072
2021-06-01 06:37:42,2,325b16,-85,3.88,6,2021-06-01 06:37:41,1.12.3,0,1,3653951,38.302988,-104.35072
2021-06-01 06:37:50,3,328773,-80,3.88,13,2021-06-01 06:37:51,1.12.3,0,1,3645179,38.311768,-104.359424
2021-06-01 06:37:50,2,328773,-95,3.88,13,2021-06-01 06:37:51,1.12.3,0,1,3645179,38.311768,-104.359424
2021-06-01 06:38:01,2,3260f6,-96,3.87,9,2021-06-01 06:38:01,1.11.3,0.03,1,3613805,38.300672,-104.350544
2021-06-01 06:38:01,3,3260f6,-88,3.87,9,2021-06-01 06:38:01,1.11.3,0.03,1,3613805,38.300672,-104.350544
2021-06-01 06:38:09,2,326182,-87,3.87,12,2021-06-01 06:38:09,1.12.3,0,1,3242432,38.3007,-104.353376
2021-06-01 06:38:09,3,326182,-70,3.87,12,2021-06-01 06:38:09,1.12.3,0,1,3242432,38.3007,-104.353376
2021-06-01 06:38:14,1,3296b8,-90,3.89,11,2021-06-01 06:38:14,1.12.3,0,1,4638654,38.307048,-104.353504
2021-06-01 06:38:28,3,329149,-85,3.95,7,2021-06-01 06:38:28,1.12.3,0,1,4439064,38.29608,-104.353424
2021-06-01 06:38:28,2,329149,-99,3.95,7,2021-06-01 06:38:28,1.12.3,0,1,4439064,38.29608,-104.353424
2021-06-01 06:38:29,3,33bd60,-79,4.03,12,2021-06-01 06:38:29,1.12.4,0,1,340997,38.307188,-104.356472
2021-06-01 06:38:29,2,33bd60,-88,4.03,12,2021-06-01 06:38:29,1.12.4,0,1,340997,38.307188,-104.356472
2021-06-01 06:38:30,1,32801d,-98,3.96,15,2021-06-01 06:38:29,1.12.4,0,1,3388601,38.3051,-104.350608
2021-06-01 06:38:30,3,32801d,-84,3.96,15,2021-06-01 06:38:29,1.12.4,0,1,3388601,38.3051,-104.350608
2021-06-01 06:38:30,2,32801d,-90,3.96,15,2021-06-01 06:38:29,1.12.4,0,1,3388601,38.3051,-104.350608
2021-06-01 06:38:38,2,326123,-96,3.88,11,2021-06-01 06:38:39,1.12.3,0,1,3279036,38.292584,-104.358736
2021-06-01 06:38:38,3,326123,-90,3.88,11,2021-06-01 06:38:39,1.12.3,0,1,3279036,38.292584,-104.358736
2021-06-01 06:38:41,1,328452,-100,3.89,10,2021-06-01 06:38:40,1.12.3,0,1,3276992,38.30296,-104.35628
2021-06-01 06:38:41,2,328452,-84,3.89,10,2021-06-01 06:38:40,1.12.3,0,1,3276992,38.30296,-104.35628
2021-06-01 06:38:41,3,328452,-60,3.89,10,2021-06-01 06:38:40,1.12.3,0,1,3276992,38.30296,-104.35628
2021-06-01 06:38:45,2,3288b6,-97,4.01,11,2021-06-01 06:38:45,1.12.3,0,1,2344688,38.286828,-104.37016
2021-06-01 06:38:46,2,328c5e,-79,3.5,12,2021-06-01 06:38:30,1.12.3,0,1,140643,38.305272,-104.35944
2021-06-01 06:38:46,3,328c5e,-89,3.5,12,2021-06-01 06:38:30,1.12.3,0,1,140643,38.305272,-104.35944
2021-06-01 06:38:53,2,3282ca,-98,3.86,16,2021-06-01 06:38:52,1.12.3,0,1,4840293,38.313924,-104.359704
2021-06-01 06:38:56,1,325d08,-91,3.85,10,2021-06-01 06:38:57,1.12.3,0.01,1,1383657,38.307272,-104.34788
2021-06-01 06:38:56,2,325d08,-84,3.85,10,2021-06-01 06:38:57,1.12.3,0.01,1,1383657,38.307272,-104.34788
2021-06-01 06:38:56,3,325d08,-95,3.85,10,2021-06-01 06:38:57,1.12.3,0.01,1,1383657,38.307272,-104.34788
2021-06-01 06:38:58,3,329199,-80,3.97,11,2021-06-01 06:38:58,1.12.3,0.03,1,4048236,38.298444,-104.356192
2021-06-01 06:39:15,3,32b207,-90,3.96,10,2021-06-01 06:39:12,1.12.3,0,1,4223865,38.293792,-104.35632
2021-06-01 06:39:15,2,32b207,-97,3.96,10,2021-06-01 06:39:12,1.12.3,0,1,4223865,38.293792,-104.35632
2021-06-01 06:39:21,1,33895a,-100,3.74,11,2021-06-01 06:39:20,1.12.4,0,1,1582701,38.307204,-104.350672
2021-06-01 06:39:21,2,33895a,-92,3.74,11,2021-06-01 06:39:20,1.12.4,0,1,1582701,38.307204,-104.350672
2021-06-01 06:39:21,3,327e7a,-84,3.91,14,2021-06-01 06:39:20,1.12.3,0,1,4139581,38.294012,-104.35348
2021-06-01 06:39:33,2,328f95,-97,3.9,8,2021-06-01 06:39:34,1.12.3,0,1,3508501,38.298432,-104.359248
2021-06-01 06:40:15,3,32930a,-91,3.91,8,2021-06-01 06:40:16,1.12.3,0,1,4893662,38.309296,-104.359464
2021-06-01 06:40:15,2,32930a,-95,3.91,8,2021-06-01 06:40:16,1.12.3,0,1,4893662,38.309296,-104.359464
2021-06-01 06:40:17,2,3278d6,-97,3.91,10,2021-06-01 06:40:18,1.12.3,0,1,3519962,38.296096,-104.356344
2021-06-01 06:40:17,3,3278d6,-90,3.91,10,2021-06-01 06:40:18,1.12.3,0,1,3519962,38.296096,-104.356344
2021-06-01 06:40:28,3,326532,-85,3.89,9,2021-06-01 06:40:28,1.12.3,0,1,4130303,38.298416,-104.35056
2021-06-01 06:40:28,2,326532,-98,3.89,9,2021-06-01 06:40:28,1.12.3,0,1,4130303,38.298416,-104.35056
2021-06-01 06:40:28,2,326077,-100,3.87,11,2021-06-01 06:40:29,1.12.3,0,1,3002719,38.293108,-104.361384
2021-06-01 06:40:29,2,328d01,-100,3.87,11,2021-06-01 06:40:28,1.12.3,0,1,3814010,38.298368,-104.353472
2021-06-01 06:40:29,3,328d01,-83,3.87,11,2021-06-01 06:40:28,1.12.3,0,1,3814010,38.298368,-104.353472
2021-06-01 06:40:41,3,32b86d,-93,3.87,13,2021-06-01 06:40:41,1.12.3,0,1,4793492,38.313888,-104.356512
2021-06-01 06:40:41,2,32b86d,-98,3.87,13,2021-06-01 06:40:41,1.12.3,0,1,4793492,38.313888,-104.356512
2021-06-01 06:40:42,2,32785e,-98,4.03,10,2021-06-01 06:40:43,1.12.3,0,1,2515766,38.280016,-104.367392
2021-06-01 06:40:59,1,325d5f,-104,3.85,8,2021-06-01 06:40:58,1.12.3,0,1,3649328,38.303216,-104.359344
2021-06-01 06:40:59,2,325d5f,-75,3.85,8,2021-06-01 06:40:58,1.12.3,0,1,3649328,38.303216,-104.359344
2021-06-01 06:40:59,3,325d5f,-93,3.85,8,2021-06-01 06:40:58,1.12.3,0,1,3649328,38.303216,-104.359344
2021-06-01 06:41:04,2,32845f,-92,3.9,11,2021-06-01 06:41:04,1.12.3,0,1,2445080,38.29154,-104.360536
2021-06-01 06:41:04,3,32845f,-92,3.9,11,2021-06-01 06:41:04,1.12.3,0,1,2445080,38.29154,-104.360536
2021-06-01 06:41:07,2,33d782,-102,3.92,11,2021-06-01 06:41:06,1.12.4,0.08,1,71436,38.29518,-104.3592
2021-06-01 06:41:08,1,328e67,-98,3.88,12,2021-06-01 06:41:09,1.12.3,0.01,1,4450639,38.305312,-104.35332
2021-06-01 06:41:28,3,3276b6,-90,3.97,14,2021-06-01 06:41:28,1.12.3,0.02,1,3848274,38.311692,-104.350256
2021-06-01 06:41:28,2,3276b6,-92,3.97,14,2021-06-01 06:41:28,1.12.3,0.02,1,3848274,38.311692,-104.350256
2021-06-01 06:41:30,2,326331,-81,3.88,11,2021-06-01 06:41:30,1.12.3,0.01,1,4362394,38.302944,-104.353368
2021-06-01 06:41:30,3,326331,-87,3.88,11,2021-06-01 06:41:30,1.12.3,0.01,1,4362394,38.302944,-104.353368
2021-06-01 06:41:38,3,329b65,-86,3.98,14,2021-06-01 06:41:39,1.12.3,0,1,4284270,38.313752,-104.35008
2021-06-01 06:41:38,2,329b65,-91,3.98,14,2021-06-01 06:41:39,1.12.3,0,1,4284270,38.313752,-104.35008
2021-06-01 06:41:42,2,33b5bf,-96,3.95,9,2021-06-01 06:41:42,1.12.4,0,1,4224574,38.30322,-104.34804
2021-06-01 06:41:42,3,33b5bf,-89,3.95,9,2021-06-01 06:41:42,1.12.4,0,1,4224574,38.30322,-104.34804
2021-06-01 06:41:58,1,33d486,-64,3.9,9,2021-06-01 06:41:57,1.12.4,0,1,4319837,38.305196,-104.35616
2021-06-01 06:41:58,2,33d486,-57,3.9,9,2021-06-01 06:41:57,1.12.4,0,1,4319837,38.305196,-104.35616
2021-06-01 06:41:58,3,33d486,-50,3.9,9,2021-06-01 06:41:57,1.12.4,0,1,4319837,38.305196,-104.35616
2021-06-01 06:41:58,4,33d486,-100,3.9,9,2021-06-01 06:41:57,1.12.4,0,1,4319837,38.305196,-104.35616
2021-06-01 06:42:07,1,327a09,-90,3.88,11,2021-06-01 06:42:06,1.12.3,0,1,3772191,38.309556,-104.347336
2021-06-01 06:42:07,2,327a09,-87,3.88,11,2021-06-01 06:42:06,1.12.3,0,1,3772191,38.309556,-104.347336
2021-06-01 06:42:07,3,327a09,-89,3.88,11,2021-06-01 06:42:06,1.12.3,0,1,3772191,38.309556,-104.347336
2021-06-01 06:42:20,2,3266aa,-97,3.86,11,2021-06-01 06:42:19,1.12.3,0,1,3701887,38.296152,-104.350568
2021-06-01 06:42:20,3,3266aa,-84,3.86,11,2021-06-01 06:42:19,1.12.3,0,1,3701887,38.296152,-104.350568
2021-06-01 06:42:27,1,32b849,-101,3.92,9,2021-06-01 06:42:27,1.12.3,0,1,4377153,38.30078,-104.360224
2021-06-01 06:42:27,3,32b849,-92,3.92,9,2021-06-01 06:42:27,1.12.3,0,1,4377153,38.30078,-104.360224
2021-06-01 06:42:27,2,32b849,-81,3.92,9,2021-06-01 06:42:27,1.12.3,0,1,4377153,38.30078,-104.360224
2021-06-01 06:42:30,1,328ca1,-98,3.85,10,2021-06-01 06:42:31,1.12.3,0,1,4627200,38.309472,-104.35028
2021-06-01 06:42:30,2,328ca1,-91,3.85,10,2021-06-01 06:42:31,1.12.3,0,1,4627200,38.309472,-104.35028
2021-06-01 06:42:30,3,328ca1,-90,3.85,10,2021-06-01 06:42:31,1.12.3,0,1,4627200,38.309472,-104.35028
2021-06-01 06:42:38,2,3267b1,-89,3.89,10,2021-06-01 06:42:37,1.12.3,0,1,3381361,38.309476,-104.353608
2021-06-01 06:42:38,3,3267b1,-82,3.89,10,2021-06-01 06:42:37,1.12.3,0,1,3381361,38.309476,-104.353608
2021-06-01 06:42:40,2,327b01,-93,3.92,12,2021-06-01 06:42:40,1.12.3,0,1,3227514,38.296048,-104.361
2021-06-01 06:42:42,2,329ab2,-99,3.91,8,2021-06-01 06:42:42,1.12.3,0,1,4477043,38.307364,-104.35932
2021-06-01 06:42:42,1,325b16,-103,3.88,6,2021-06-01 06:42:42,1.12.3,0,1,3654010,38.302988,-104.35072
2021-06-01 06:42:42,3,325b16,-83,3.88,6,2021-06-01 06:42:42,1.12.3,0,1,3654010,38.302988,-104.35072
2021-06-01 06:42:42,2,325b16,-85,3.88,6,2021-06-01 06:42:42,1.12.3,0,1,3654010,38.302988,-104.35072
2021-06-01 06:42:51,3,328773,-93,3.89,13,2021-06-01 06:42:51,1.12.3,0,1,3645238,38.311768,-104.359424
2021-06-01 06:42:51,2,328773,-96,3.89,13,2021-06-01 06:42:51,1.12.3,0,1,3645238,38.311768,-104.359424
2021-06-01 06:43:01,3,3260f6,-94,3.87,9,2021-06-01 06:43:02,1.11.3,0.03,1,3613865,38.300672,-104.350544
2021-06-01 06:43:01,2,3260f6,-100,3.87,9,2021-06-01 06:43:02,1.11.3,0.03,1,3613865,38.300672,-104.350544
2021-06-01 06:43:09,2,326182,-87,3.87,11,2021-06-01 06:43:10,1.12.3,0,1,3242491,38.3007,-104.353376
2021-06-01 06:43:09,3,326182,-70,3.87,11,2021-06-01 06:43:10,1.12.3,0,1,3242491,38.3007,-104.353376
2021-06-01 06:43:14,1,3296b8,-90,3.89,10,2021-06-01 06:43:15,1.12.3,0,1,4638714,38.307048,-104.353504
2021-06-01 06:43:22,2,328b65,-97,4.05,10,2021-06-01 06:43:22,1.12.3,0,1,4752312,38.309404,-104.356448
2021-06-01 06:43:22,3,328b65,-84,4.05,10,2021-06-01 06:43:22,1.12.3,0,1,4752312,38.309404,-104.356448
2021-06-01 06:43:24,2,32600d,-99,3.89,10,2021-06-01 06:43:24,1.12.3,0.02,1,2296976,38.282356,-104.367176
2021-06-01 06:43:28,3,329149,-85,3.95,7,2021-06-01 06:43:29,1.12.3,0,1,4439123,38.29608,-104.353424
2021-06-01 06:43:28,2,329149,-99,3.95,7,2021-06-01 06:43:29,1.12.3,0,1,4439123,38.29608,-104.353424
2021-06-01 06:43:29,3,33bd60,-79,4.03,11,2021-06-01 06:43:30,1.12.4,0,1,341057,38.307188,-104.356472
2021-06-01 06:43:29,2,33bd60,-88,4.03,11,2021-06-01 06:43:30,1.12.4,0,1,341057,38.307188,-104.356472
2021-06-01 06:43:30,1,32801d,-97,3.96,15,2021-06-01 06:43:29,1.12.4,0,1,3388659,38.3051,-104.350608
2021-06-01 06:43:39,3,326123,-89,3.88,11,2021-06-01 06:43:39,1.12.3,0,1,3279096,38.292584,-104.358736
2021-06-01 06:43:39,2,326123,-96,3.88,11,2021-06-01 06:43:39,1.12.3,0,1,3279096,38.292584,-104.358736
2021-06-01 06:43:41,1,328452,-98,3.89,10,2021-06-01 06:43:40,1.12.3,0,1,3277052,38.30296,-104.35628
2021-06-01 06:43:45,2,3288b6,-97,4.01,11,2021-06-01 06:43:45,1.12.3,0,1,2344748,38.286828,-104.37016
2021-06-01 06:43:50,2,328c5e,-78,3.5,12,2021-06-01 06:43:34,1.12.3,0,1,140673,38.305272,-104.35944
2021-06-01 06:43:50,3,328c5e,-89,3.5,12,2021-06-01 06:43:34,1.12.3,0,1,140673,38.305272,-104.35944
2021-06-01 06:43:53,2,3282ca,-99,3.86,15,2021-06-01 06:43:52,1.12.3,0,1,4840353,38.313924,-104.359704
2021-06-01 06:43:56,1,325d08,-91,3.85,9,2021-06-01 06:43:57,1.12.3,0.01,1,1383716,38.307272,-104.34788
2021-06-01 06:43:56,2,325d08,-84,3.85,9,2021-06-01 06:43:57,1.12.3,0.01,1,1383716,38.307272,-104.34788
2021-06-01 06:43:56,3,325d08,-95,3.85,9,2021-06-01 06:43:57,1.12.3,0.01,1,1383716,38.307272,-104.34788
2021-06-01 06:43:58,3,329199,-80,3.97,11,2021-06-01 06:43:58,1.12.3,0.03,1,4048295,38.298444,-104.356192
2021-06-01 06:44:15,2,32b207,-102,3.96,11,2021-06-01 06:44:12,1.12.3,0,1,4223924,38.293792,-104.35632
2021-06-01 06:44:15,3,32b207,-90,3.96,11,2021-06-01 06:44:12,1.12.3,0,1,4223924,38.293792,-104.35632
2021-06-01 06:44:21,1,33895a,-98,3.74,11,2021-06-01 06:44:21,1.12.4,0,1,1582761,38.307204,-104.350672
2021-06-01 06:44:21,2,33895a,-92,3.74,11,2021-06-01 06:44:21,1.12.4,0,1,1582761,38.307204,-104.350672
2021-06-01 06:44:22,2,327e7a,-96,3.92,14,2021-06-01 06:44:21,1.12.3,0,1,4139641,38.294012,-104.35348
2021-06-01 06:44:22,3,327e7a,-84,3.92,14,2021-06-01 06:44:21,1.12.3,0,1,4139641,38.294012,-104.35348
2021-06-01 06:44:34,2,328f95,-97,3.9,8,2021-06-01 06:44:34,1.12.3,0,1,3508561,38.298432,-104.359248
2021-06-01 06:45:08,2,328726,-97,4.04,13,2021-06-01 06:45:08,1.12.3,0.05,1,3695275,38.311684,-104.356344
2021-06-01 06:45:08,3,328726,-90,4.04,13,2021-06-01 06:45:08,1.12.3,0.05,1,3695275,38.311684,-104.356344
2021-06-01 06:45:28,3,326532,-85,3.89,9,2021-06-01 06:45:28,1.12.3,0,1,4130363,38.298416,-104.35056
2021-06-01 06:45:28,2,326532,-97,3.89,9,2021-06-01 06:45:28,1.12.3,0,1,4130363,38.298416,-104.35056
2021-06-01 06:45:30,3,328d01,-84,3.87,10,2021-06-01 06:45:29,1.12.3,0,1,3814070,38.298368,-104.353472
2021-06-01 06:45:41,3,32b86d,-93,3.87,12,2021-06-01 06:45:41,1.12.3,0,1,4793552,38.313888,-104.356512
2021-06-01 06:45:41,2,32b86d,-97,3.87,12,2021-06-01 06:45:41,1.12.3,0,1,4793552,38.313888,-104.356512
2021-06-01 06:45:42,2,32785e,-101,4.03,11,2021-06-01 06:45:43,1.12.3,0,1,2515826,38.280016,-104.367392
2021-06-01 06:45:59,1,325d5f,-98,3.85,8,2021-06-01 06:45:59,1.12.3,0,1,3649388,38.303216,-104.359344
2021-06-01 06:45:59,2,325d5f,-74,3.85,8,2021-06-01 06:45:59,1.12.3,0,1,3649388,38.303216,-104.359344
2021-06-01 06:46:04,3,32845f,-92,3.9,10,2021-06-01 06:46:04,1.12.3,0,1,2445140,38.29154,-104.360536
2021-06-01 06:46:04,2,32845f,-92,3.9,10,2021-06-01 06:46:04,1.12.3,0,1,2445140,38.29154,-104.360536
2021-06-01 06:46:07,2,33d782,-100,3.92,10,2021-06-01 06:46:07,1.12.4,0.08,1,71495,38.29518,-104.3592
2021-06-01 06:46:09,1,328e67,-98,3.88,12,2021-06-01 06:46:09,1.12.3,0.01,1,4450699,38.305312,-104.35332
2021-06-01 06:46:09,3,328e67,-80,3.88,12,2021-06-01 06:46:09,1.12.3,0.01,1,4450699,38.305312,-104.35332
2021-06-01 06:46:28,1,3276b6,-101,3.97,14,2021-06-01 06:46:28,1.12.3,0.02,1,3848334,38.311692,-104.350256
2021-06-01 06:46:28,3,3276b6,-89,3.97,14,2021-06-01 06:46:28,1.12.3,0.02,1,3848334,38.311692,-104.350256
2021-06-01 06:46:28,2,3276b6,-92,3.97,14,2021-06-01 06:46:28,1.12.3,0.02,1,3848334,38.311692,-104.350256
2021-06-01 06:46:30,3,326331,-87,3.88,11,2021-06-01 06:46:30,1.12.3,0.01,1,4362454,38.302944,-104.353368
2021-06-01 06:46:30,2,326331,-81,3.88,11,2021-06-01 06:46:30,1.12.3,0.01,1,4362454,38.302944,-104.353368
2021-06-01 06:46:39,3,329b65,-85,3.98,14,2021-06-01 06:46:39,1.12.3,0,1,4284330,38.313752,-104.35008
2021-06-01 06:46:39,2,329b65,-90,3.98,14,2021-06-01 06:46:39,1.12.3,0,1,4284330,38.313752,-104.35008
2021-06-01 06:46:51,2,32b8ee,-92,3.81,10,2021-06-01 06:46:50,1.12.3,0.02,1,3193072,38.29072,-104.36292
2021-06-01 06:46:58,1,33d486,-64,3.91,9,2021-06-01 06:46:57,1.12.4,0,1,4319897,38.305196,-104.35616
2021-06-01 06:46:58,4,33d486,-101,3.91,9,2021-06-01 06:46:57,1.12.4,0,1,4319897,38.305196,-104.35616
2021-06-01 06:47:07,1,327a09,-95,3.87,11,2021-06-01 06:47:06,1.12.3,0,1,3772251,38.309556,-104.347336
2021-06-01 06:47:20,2,3266aa,-96,3.86,11,2021-06-01 06:47:19,1.12.3,0,1,3701946,38.296152,-104.350568
2021-06-01 06:47:20,3,3266aa,-84,3.86,11,2021-06-01 06:47:19,1.12.3,0,1,3701946,38.296152,-104.350568
2021-06-01 06:47:27,3,32b849,-92,3.91,10,2021-06-01 06:47:28,1.12.3,0,1,4377213,38.30078,-104.360224
2021-06-01 06:47:27,2,32b849,-81,3.91,10,2021-06-01 06:47:28,1.12.3,0,1,4377213,38.30078,-104.360224
2021-06-01 06:47:31,3,328ca1,-90,3.85,10,2021-06-01 06:47:31,1.12.3,0,1,4627260,38.309472,-104.35028
2021-06-01 06:47:31,2,328ca1,-91,3.85,10,2021-06-01 06:47:31,1.12.3,0,1,4627260,38.309472,-104.35028
2021-06-01 06:47:38,3,3267b1,-82,3.89,10,2021-06-01 06:47:38,1.12.3,0,1,3381421,38.309476,-104.353608
2021-06-01 06:47:38,2,3267b1,-89,3.89,10,2021-06-01 06:47:38,1.12.3,0,1,3381421,38.309476,-104.353608
2021-06-01 06:47:42,2,325b16,-84,3.88,6,2021-06-01 06:47:42,1.12.3,0,1,3654069,38.302988,-104.35072
2021-06-01 06:47:42,3,325b16,-83,3.88,6,2021-06-01 06:47:42,1.12.3,0,1,3654069,38.302988,-104.35072
2021-06-01 06:47:51,3,328773,-93,3.88,13,2021-06-01 06:47:51,1.12.3,0,1,3645298,38.311768,-104.359424
2021-06-01 06:47:51,2,328773,-92,3.88,13,2021-06-01 06:47:51,1.12.3,0,1,3645298,38.311768,-104.359424
2021-06-01 06:48:02,3,3260f6,-93,3.87,9,2021-06-01 06:48:02,1.11.3,0.03,1,3613925,38.300672,-104.350544
2021-06-01 06:48:02,2,3260f6,-97,3.87,9,2021-06-01 06:48:02,1.11.3,0.03,1,3613925,38.300672,-104.350544
2021-06-01 06:48:09,3,326182,-70,3.87,11,2021-06-01 06:48:10,1.12.3,0,1,3242550,38.3007,-104.353376
2021-06-01 06:48:09,2,326182,-86,3.87,11,2021-06-01 06:48:10,1.12.3,0,1,3242550,38.3007,-104.353376
2021-06-01 06:48:14,1,3296b8,-96,3.89,10,2021-06-01 06:48:15,1.12.3,0,1,4638774,38.307048,-104.353504
2021-06-01 06:48:22,2,328b65,-96,4.05,10,2021-06-01 06:48:23,1.12.3,0,1,4752372,38.309404,-104.356448
2021-06-01 06:48:22,3,328b65,-84,4.05,10,2021-06-01 06:48:23,1.12.3,0,1,4752372,38.309404,-104.356448
2021-06-01 06:48:24,2,32600d,-103,3.89,10,2021-06-01 06:48:25,1.12.3,0.02,1,2297036,38.282356,-104.367176
2021-06-01 06:48:28,2,329149,-96,3.95,8,2021-06-01 06:48:29,1.12.3,0,1,4439183,38.29608,-104.353424
2021-06-01 06:48:28,3,329149,-85,3.95,8,2021-06-01 06:48:29,1.12.3,0,1,4439183,38.29608,-104.353424
2021-06-01 06:48:29,3,33bd60,-79,4.03,11,2021-06-01 06:48:30,1.12.4,0,1,341117,38.307188,-104.356472
2021-06-01 06:48:29,2,33bd60,-88,4.03,11,2021-06-01 06:48:30,1.12.4,0,1,341117,38.307188,-104.356472
2021-06-01 06:48:31,1,32801d,-104,3.96,15,2021-06-01 06:48:30,1.12.4,0,1,3388718,38.3051,-104.350608
2021-06-01 06:48:39,3,326123,-90,3.88,11,2021-06-01 06:48:39,1.12.3,0,1,3279156,38.292584,-104.358736
2021-06-01 06:48:39,2,326123,-96,3.88,11,2021-06-01 06:48:39,1.12.3,0,1,3279156,38.292584,-104.358736
2021-06-01 06:48:45,2,3288b6,-97,4.01,10,2021-06-01 06:48:46,1.12.3,0,1,2344808,38.286828,-104.37016
2021-06-01 06:48:53,2,3282ca,-81,3.85,15,2021-06-01 06:48:52,1.12.3,0,1,4840413,38.313924,-104.359704
2021-06-01 06:48:57,1,325d08,-97,3.85,9,2021-06-01 06:48:57,1.12.3,0.01,1,1383776,38.307272,-104.34788
2021-06-01 06:49:15,3,32b207,-90,3.96,10,2021-06-01 06:49:12,1.12.3,0,1,4223984,38.293792,-104.35632
2021-06-01 06:49:15,2,32b207,-97,3.96,10,2021-06-01 06:49:12,1.12.3,0,1,4223984,38.293792,-104.35632
2021-06-01 06:49:21,1,33895a,-99,3.74,11,2021-06-01 06:49:21,1.12.4,0,1,1582820,38.307204,-104.350672
2021-06-01 06:49:21,2,33895a,-92,3.74,11,2021-06-01 06:49:21,1.12.4,0,1,1582820,38.307204,-104.350672
2021-06-01 06:49:34,2,328f95,-97,3.9,8,2021-06-01 06:49:34,1.12.3,0,1,3508621,38.298432,-104.359248
2021-06-01 06:50:16,2,32930a,-80,3.91,8,2021-06-01 06:50:17,1.12.3,0,1,4893781,38.309296,-104.359464
2021-06-01 06:50:16,3,32930a,-91,3.91,8,2021-06-01 06:50:17,1.12.3,0,1,4893781,38.309296,-104.359464
2021-06-01 06:50:18,2,3278d6,-96,3.91,10,2021-06-01 06:50:19,1.12.3,0,1,3520081,38.296096,-104.356344
2021-06-01 06:50:18,3,3278d6,-90,3.91,10,2021-06-01 06:50:19,1.12.3,0,1,3520081,38.296096,-104.356344
2021-06-01 06:50:30,2,328d01,-102,3.87,10,2021-06-01 06:50:29,1.12.3,0,1,3814130,38.298368,-104.353472
2021-06-01 06:51:00,2,325d5f,-74,3.85,9,2021-06-01 06:50:59,1.12.3,0,1,3649448,38.303216,-104.359344
2021-06-01 06:51:00,3,325d5f,-94,3.85,9,2021-06-01 06:50:59,1.12.3,0,1,3649448,38.303216,-104.359344
2021-06-01 06:51:04,3,32845f,-92,3.9,11,2021-06-01 06:51:05,1.12.3,0,1,2445200,38.29154,-104.360536
2021-06-01 06:51:04,2,32845f,-92,3.9,11,2021-06-01 06:51:05,1.12.3,0,1,2445200,38.29154,-104.360536
2021-06-01 06:51:09,1,328e67,-102,3.88,12,2021-06-01 06:51:10,1.12.3,0.01,1,4450758,38.305312,-104.35332
2021-06-01 06:51:28,3,3276b6,-89,3.97,14,2021-06-01 06:51:29,1.12.3,0.02,1,3848394,38.311692,-104.350256
2021-06-01 06:51:28,2,3276b6,-92,3.97,14,2021-06-01 06:51:29,1.12.3,0.02,1,3848394,38.311692,-104.350256
2021-06-01 06:51:31,2,326331,-81,3.88,11,2021-06-01 06:51:30,1.12.3,0.01,1,4362513,38.302944,-104.353368
2021-06-01 06:51:31,3,326331,-87,3.88,11,2021-06-01 06:51:30,1.12.3,0.01,1,4362513,38.302944,-104.353368
2021-06-01 06:51:39,2,329b65,-90,3.98,14,2021-06-01 06:51:40,1.12.3,0,1,4284390,38.313752,-104.35008
2021-06-01 06:51:39,3,329b65,-86,3.98,14,2021-06-01 06:51:40,1.12.3,0,1,4284390,38.313752,-104.35008
2021-06-01 06:51:51,2,32b8ee,-91,3.8,10,2021-06-01 06:51:50,1.12.3,0.02,1,3193132,38.29072,-104.36292
2021-06-01 06:51:58,1,33d486,-70,3.9,9,2021-06-01 06:51:57,1.12.4,0,1,4319957,38.305196,-104.35616
2021-06-01 06:51:58,4,33d486,-102,3.9,9,2021-06-01 06:51:57,1.12.4,0,1,4319957,38.305196,-104.35616
2021-06-01 06:51:59,3,3288c1,-49,3.87,11,2021-06-01 06:51:59,1.12.3,0,1,3512234,38.300724,-104.35624
2021-06-01 06:51:59,2,3288c1,-58,3.87,11,2021-06-01 06:51:59,1.12.3,0,1,3512234,38.300724,-104.35624
2021-06-01 06:52:07,1,327a09,-96,3.87,11,2021-06-01 06:52:07,1.12.3,0,1,3772310,38.309556,-104.347336
2021-06-01 06:52:07,3,327a09,-89,3.87,11,2021-06-01 06:52:07,1.12.3,0,1,3772310,38.309556,-104.347336
2021-06-01 06:52:07,2,327a09,-86,3.87,11,2021-06-01 06:52:07,1.12.3,0,1,3772310,38.309556,-104.347336
2021-06-01 06:52:21,3,3266aa,-84,3.86,11,2021-06-01 06:52:20,1.12.3,0,1,3702006,38.296152,-104.350568
2021-06-01 06:52:21,2,3266aa,-96,3.86,11,2021-06-01 06:52:20,1.12.3,0,1,3702006,38.296152,-104.350568
2021-06-01 06:52:31,1,328ca1,-99,3.85,10,2021-06-01 06:52:32,1.12.3,0,1,4627320,38.309472,-104.35028
2021-06-01 06:52:31,3,328ca1,-90,3.85,10,2021-06-01 06:52:32,1.12.3,0,1,4627320,38.309472,-104.35028
2021-06-01 06:52:31,2,328ca1,-91,3.85,10,2021-06-01 06:52:32,1.12.3,0,1,4627320,38.309472,-104.35028
2021-06-01 06:52:39,2,3267b1,-89,3.89,10,2021-06-01 06:52:38,1.12.3,0,1,3381480,38.309476,-104.353608
2021-06-01 06:52:39,3,3267b1,-83,3.89,10,2021-06-01 06:52:38,1.12.3,0,1,3381480,38.309476,-104.353608
2021-06-01 06:52:43,2,329ab2,-97,3.91,8,2021-06-01 06:52:43,1.12.3,0,1,4477163,38.307364,-104.35932
2021-06-01 06:52:43,3,325b16,-82,3.88,6,2021-06-01 06:52:42,1.12.3,0,1,3654128,38.302988,-104.35072
2021-06-01 06:52:43,2,325b16,-84,3.88,6,2021-06-01 06:52:42,1.12.3,0,1,3654128,38.302988,-104.35072
2021-06-01 06:52:51,2,328773,-95,3.88,13,2021-06-01 06:52:52,1.12.3,0,1,3645358,38.311768,-104.359424
2021-06-01 06:52:51,3,328773,-93,3.88,13,2021-06-01 06:52:52,1.12.3,0,1,3645358,38.311768,-104.359424
2021-06-01 06:53:02,3,3260f6,-64,3.87,9,2021-06-01 06:53:02,1.11.3,0.03,1,3613985,38.300672,-104.350544
2021-06-01 06:53:02,2,3260f6,-97,3.87,9,2021-06-01 06:53:02,1.11.3,0.03,1,3613985,38.300672,-104.350544
2021-06-01 06:53:10,3,326182,-70,3.87,11,2021-06-01 06:53:10,1.12.3,0,1,3242610,38.3007,-104.353376
2021-06-01 06:53:10,2,326182,-86,3.87,11,2021-06-01 06:53:10,1.12.3,0,1,3242610,38.3007,-104.353376
2021-06-01 06:53:15,1,3296b8,-94,3.89,11,2021-06-01 06:53:15,1.12.3,0,1,4638834,38.307048,-104.353504
2021-06-01 06:53:15,3,3296b8,-82,3.89,11,2021-06-01 06:53:15,1.12.3,0,1,4638834,38.307048,-104.353504
2021-06-01 06:53:15,2,3296b8,-83,3.89,11,2021-06-01 06:53:15,1.12.3,0,1,4638834,38.307048,-104.353504
2021-06-01 06:53:22,3,328b65,-84,4.05,10,2021-06-01 06:53:23,1.12.3,0,1,4752432,38.309404,-104.356448
2021-06-01 06:53:22,2,328b65,-96,4.05,10,2021-06-01 06:53:23,1.12.3,0,1,4752432,38.309404,-104.356448
2021-06-01 06:53:24,2,32600d,-97,3.89,9,2021-06-01 06:53:25,1.12.3,0.02,1,2297096,38.282356,-104.367176
2021-06-01 06:53:29,3,329149,-85,3.95,8,2021-06-01 06:53:29,1.12.3,0,1,4439243,38.29608,-104.353424
2021-06-01 06:53:29,2,329149,-96,3.95,8,2021-06-01 06:53:29,1.12.3,0,1,4439243,38.29608,-104.353424
2021-06-01 06:53:30,3,33bd60,-79,4.03,11,2021-06-01 06:53:30,1.12.4,0,1,341176,38.307188,-104.356472
2021-06-01 06:53:30,2,33bd60,-87,4.03,11,2021-06-01 06:53:30,1.12.4,0,1,341176,38.307188,-104.356472
2021-06-01 06:53:31,1,32801d,-99,3.96,15,2021-06-01 06:53:30,1.12.4,0,1,3388777,38.3051,-104.350608
2021-06-01 06:53:42,1,328452,-100,3.89,10,2021-06-01 06:53:41,1.12.3,0,1,3277172,38.30296,-104.35628
2021-06-01 06:53:42,3,328452,-60,3.89,10,2021-06-01 06:53:41,1.12.3,0,1,3277172,38.30296,-104.35628
2021-06-01 06:53:42,2,328452,-83,3.89,10,2021-06-01 06:53:41,1.12.3,0,1,3277172,38.30296,-104.35628
2021-06-01 06:53:42,3,326123,-90,3.88,11,2021-06-01 06:53:43,1.12.3,0,1,3279216,38.292584,-104.358736
2021-06-01 06:53:42,2,326123,-96,3.88,11,2021-06-01 06:53:43,1.12.3,0,1,3279216,38.292584,-104.358736
2021-06-01 06:53:54,2,3282ca,-96,3.86,15,2021-06-01 06:53:53,1.12.3,0,1,4840473,38.313924,-104.359704
2021-06-01 06:53:57,1,325d08,-96,3.85,9,2021-06-01 06:53:57,1.12.3,0.01,1,1383835,38.307272,-104.34788
2021-06-01 06:53:57,2,325d08,-83,3.85,9,2021-06-01 06:53:57,1.12.3,0.01,1,1383835,38.307272,-104.34788
2021-06-01 06:53:58,2,328c5e,-78,3.5,12,2021-06-01 06:53:42,1.12.3,0,1,140733,38.305272,-104.35944
2021-06-01 06:53:58,3,328c5e,-89,3.5,12,2021-06-01 06:53:42,1.12.3,0,1,140733,38.305272,-104.35944
2021-06-01 06:53:59,3,329199,-81,3.96,11,2021-06-01 06:53:59,1.12.3,0.03,1,4048415,38.298444,-104.356192
2021-06-01 06:53:59,2,329199,-96,3.96,11,2021-06-01 06:53:59,1.12.3,0.03,1,4048415,38.298444,-104.356192
2021-06-01 06:54:16,2,32b207,-96,3.96,10,2021-06-01 06:54:13,1.12.3,0,1,4224044,38.293792,-104.35632
2021-06-01 06:54:16,3,32b207,-90,3.96,10,2021-06-01 06:54:13,1.12.3,0,1,4224044,38.293792,-104.35632
2021-06-01 06:54:22,1,33895a,-104,3.74,11,2021-06-01 06:54:21,1.12.4,0,1,1582880,38.307204,-104.350672
2021-06-01 06:54:22,2,33895a,-92,3.74,11,2021-06-01 06:54:21,1.12.4,0,1,1582880,38.307204,-104.350672
2021-06-01 06:54:22,2,327e7a,-97,3.91,14,2021-06-01 06:54:21,1.12.3,0,1,4139760,38.294012,-104.35348
2021-06-01 06:54:22,3,327e7a,-83,3.91,14,2021-06-01 06:54:21,1.12.3,0,1,4139760,38.294012,-104.35348
2021-06-01 06:54:34,2,328f95,-96,3.9,8,2021-06-01 06:54:35,1.12.3,0,1,3508681,38.298432,-104.359248
2021-06-01 06:55:09,2,328726,-96,4.04,13,2021-06-01 06:55:09,1.12.3,0.05,1,3695395,38.311684,-104.356344
2021-06-01 06:55:09,3,328726,-90,4.04,13,2021-06-01 06:55:09,1.12.3,0.05,1,3695395,38.311684,-104.356344
2021-06-01 06:55:16,3,32930a,-91,3.91,8,2021-06-01 06:55:17,1.12.3,0,1,4893841,38.309296,-104.359464
2021-06-01 06:55:16,2,32930a,-95,3.91,8,2021-06-01 06:55:17,1.12.3,0,1,4893841,38.309296,-104.359464
2021-06-01 06:55:18,3,3278d6,-88,3.91,10,2021-06-01 06:55:19,1.12.3,0,1,3520141,38.296096,-104.356344
2021-06-01 06:55:18,2,3278d6,-96,3.91,10,2021-06-01 06:55:19,1.12.3,0,1,3520141,38.296096,-104.356344
2021-06-01 06:55:30,3,328d01,-83,3.87,10,2021-06-01 06:55:29,1.12.3,0,1,3814189,38.298368,-104.353472
2021-06-01 06:56:00,2,325d5f,-74,3.85,9,2021-06-01 06:55:59,1.12.3,0,1,3649508,38.303216,-104.359344
2021-06-01 06:56:00,3,325d5f,-94,3.85,9,2021-06-01 06:55:59,1.12.3,0,1,3649508,38.303216,-104.359344
2021-06-01 06:56:04,2,32845f,-92,3.91,10,2021-06-01 06:56:05,1.12.3,0,1,2445260,38.29154,-104.360536
2021-06-01 06:56:04,3,32845f,-92,3.91,10,2021-06-01 06:56:05,1.12.3,0,1,2445260,38.29154,-104.360536
2021-06-01 06:56:08,2,33d782,-99,3.92,10,2021-06-01 06:56:07,1.12.4,0.08,1,71614,38.29518,-104.3592
2021-06-01 06:56:09,1,328e67,-102,3.88,12,2021-06-01 06:56:10,1.12.3,0.01,1,4450818,38.305312,-104.35332
2021-06-01 06:56:09,3,328e67,-80,3.88,12,2021-06-01 06:56:10,1.12.3,0.01,1,4450818,38.305312,-104.35332
2021-06-01 06:56:28,3,3276b6,-89,3.97,13,2021-06-01 06:56:29,1.12.3,0.02,1,3848454,38.311692,-104.350256
2021-06-01 06:56:28,2,3276b6,-92,3.97,13,2021-06-01 06:56:29,1.12.3,0.02,1,3848454,38.311692,-104.350256
2021-06-01 06:56:31,2,326331,-81,3.88,11,2021-06-01 06:56:31,1.12.3,0.01,1,4362573,38.302944,-104.353368
2021-06-01 06:56:31,3,326331,-87,3.88,11,2021-06-01 06:56:31,1.12.3,0.01,1,4362573,38.302944,-104.353368
2021-06-01 06:56:40,3,329b65,-85,3.98,14,2021-06-01 06:56:40,1.12.3,0,1,4284449,38.313752,-104.35008
2021-06-01 06:56:40,2,329b65,-90,3.98,14,2021-06-01 06:56:40,1.12.3,0,1,4284449,38.313752,-104.35008
2021-06-01 06:56:51,2,32b8ee,-91,3.8,10,2021-06-01 06:56:51,1.12.3,0.02,1,3193192,38.29072,-104.36292
2021-06-01 06:56:58,1,33d486,-69,3.9,9,2021-06-01 06:56:58,1.12.4,0,1,4320017,38.305196,-104.35616
2021-06-01 06:56:58,4,33d486,-103,3.9,9,2021-06-01 06:56:58,1.12.4,0,1,4320017,38.305196,-104.35616
2021-06-01 06:56:58,3,33d486,-49,3.9,9,2021-06-01 06:56:58,1.12.4,0,1,4320017,38.305196,-104.35616
2021-06-01 06:56:58,2,33d486,-58,3.9,9,2021-06-01 06:56:58,1.12.4,0,1,4320017,38.305196,-104.35616
2021-06-01 06:57:07,1,327a09,-95,3.87,11,2021-06-01 06:57:07,1.12.3,0,1,3772370,38.309556,-104.347336
2021-06-01 06:57:21,2,3266aa,-96,3.86,12,2021-06-01 06:57:20,1.12.3,0,1,3702066,38.296152,-104.350568
2021-06-01 06:57:21,3,3266aa,-84,3.86,12,2021-06-01 06:57:20,1.12.3,0,1,3702066,38.296152,-104.350568
2021-06-01 06:57:28,1,32b849,-104,3.91,9,2021-06-01 06:57:28,1.12.3,0,1,4377333,38.30078,-104.360224
2021-06-01 06:57:28,3,32b849,-92,3.91,9,2021-06-01 06:57:28,1.12.3,0,1,4377333,38.30078,-104.360224
2021-06-01 06:57:28,2,32b849,-81,3.91,9,2021-06-01 06:57:28,1.12.3,0,1,4377333,38.30078,-104.360224
2021-06-01 06:57:31,1,328ca1,-99,3.85,10,2021-06-01 06:57:32,1.12.3,0,1,4627380,38.309472,-104.35028
2021-06-01 06:57:31,3,328ca1,-89,3.85,10,2021-06-01 06:57:32,1.12.3,0,1,4627380,38.309472,-104.35028
2021-06-01 06:57:31,2,328ca1,-91,3.85,10,2021-06-01 06:57:32,1.12.3,0,1,4627380,38.309472,-104.35028
2021-06-01 06:57:39,3,3267b1,-82,3.89,10,2021-06-01 06:57:38,1.12.3,0,1,3381540,38.309476,-104.353608
2021-06-01 06:57:39,2,3267b1,-89,3.89,10,2021-06-01 06:57:38,1.12.3,0,1,3381540,38.309476,-104.353608
2021-06-01 06:57:43,2,329ab2,-97,3.91,8,2021-06-01 06:57:43,1.12.3,0,1,4477223,38.307364,-104.35932
2021-06-01 06:57:43,3,325b16,-83,3.88,6,2021-06-01 06:57:43,1.12.3,0,1,3654188,38.302988,-104.35072
2021-06-01 06:57:43,2,325b16,-84,3.88,6,2021-06-01 06:57:43,1.12.3,0,1,3654188,38.302988,-104.35072
2021-06-01 06:57:52,2,328773,-94,3.88,13,2021-06-01 06:57:52,1.12.3,0,1,3645418,38.311768,-104.359424
2021-06-01 06:57:52,3,328773,-92,3.88,13,2021-06-01 06:57:52,1.12.3,0,1,3645418,38.311768,-104.359424
2021-06-01 06:58:04,2,3260f6,-99,3.87,9,2021-06-01 06:58:05,1.11.3,0.03,1,3614045,38.300672,-104.350544
2021-06-01 06:58:15,1,3296b8,-64,3.89,11,2021-06-01 06:58:15,1.12.3,0,1,4638893,38.307048,-104.353504
2021-06-01 06:58:15,3,3296b8,-82,3.89,11,2021-06-01 06:58:15,1.12.3,0,1,4638893,38.307048,-104.353504
2021-06-01 06:58:15,2,3296b8,-84,3.89,11,2021-06-01 06:58:15,1.12.3,0,1,4638893,38.307048,-104.353504
2021-06-01 06:58:23,3,328b65,-84,4.05,10,2021-06-01 06:58:23,1.12.3,0,1,4752492,38.309404,-104.356448
2021-06-01 06:58:23,2,328b65,-96,4.05,10,2021-06-01 06:58:23,1.12.3,0,1,4752492,38.309404,-104.356448
2021-06-01 06:58:25,2,32600d,-96,3.89,10,2021-06-01 06:58:25,1.12.3,0.02,1,2297155,38.282356,-104.367176
2021-06-01 06:58:29,2,329149,-99,3.95,7,2021-06-01 06:58:30,1.12.3,0,1,4439302,38.29608,-104.353424
2021-06-01 06:58:29,3,329149,-85,3.95,7,2021-06-01 06:58:30,1.12.3,0,1,4439302,38.29608,-104.353424
2021-06-01 06:58:30,3,33bd60,-80,4.03,11,2021-06-01 06:58:31,1.12.4,0,1,341236,38.307188,-104.356472
2021-06-01 06:58:30,2,33bd60,-88,4.03,11,2021-06-01 06:58:31,1.12.4,0,1,341236,38.307188,-104.356472
2021-06-01 06:58:31,1,32801d,-97,3.96,15,2021-06-01 06:58:30,1.12.4,0,1,3388836,38.3051,-104.350608
2021-06-01 06:58:42,1,328452,-99,3.89,10,2021-06-01 06:58:41,1.12.3,0,1,3277232,38.30296,-104.35628
2021-06-01 06:58:42,2,328452,-83,3.89,10,2021-06-01 06:58:41,1.12.3,0,1,3277232,38.30296,-104.35628
2021-06-01 06:58:42,3,328452,-60,3.89,10,2021-06-01 06:58:41,1.12.3,0,1,3277232,38.30296,-104.35628
2021-06-01 06:58:42,2,326123,-96,3.88,11,2021-06-01 06:58:43,1.12.3,0,1,3279275,38.292584,-104.358736
2021-06-01 06:58:42,3,326123,-90,3.88,11,2021-06-01 06:58:43,1.12.3,0,1,3279275,38.292584,-104.358736
2021-06-01 06:58:46,2,3288b6,-96,4.01,10,2021-06-01 06:58:46,1.12.3,0,1,2344927,38.286828,-104.37016
2021-06-01 06:58:54,2,3282ca,-99,3.85,15,2021-06-01 06:58:53,1.12.3,0,1,4840532,38.313924,-104.359704
2021-06-01 06:58:57,1,325d08,-96,3.85,9,2021-06-01 06:58:58,1.12.3,0.01,1,1383895,38.307272,-104.34788
2021-06-01 06:58:57,3,325d08,-93,3.85,9,2021-06-01 06:58:58,1.12.3,0.01,1,1383895,38.307272,-104.34788
2021-06-01 06:58:57,2,325d08,-83,3.85,9,2021-06-01 06:58:58,1.12.3,0.01,1,1383895,38.307272,-104.34788
2021-06-01 06:59:02,2,328c5e,-78,3.5,12,2021-06-01 06:58:46,1.12.3,0,1,140763,38.305272,-104.35944
2021-06-01 06:59:02,3,328c5e,-89,3.5,12,2021-06-01 06:58:46,1.12.3,0,1,140763,38.305272,-104.35944
2021-06-01 06:59:16,3,32b207,-90,3.96,10,2021-06-01 06:59:13,1.12.3,0,1,4224104,38.293792,-104.35632
2021-06-01 06:59:16,2,32b207,-96,3.96,10,2021-06-01 06:59:13,1.12.3,0,1,4224104,38.293792,-104.35632
2021-06-01 06:59:22,1,33895a,-104,3.74,11,2021-06-01 06:59:22,1.12.4,0,1,1582939,38.307204,-104.350672
2021-06-01 06:59:22,2,33895a,-92,3.74,11,2021-06-01 06:59:22,1.12.4,0,1,1582939,38.307204,-104.350672
2021-06-01 06:59:23,2,327e7a,-92,3.91,14,2021-06-01 06:59:22,1.12.3,0,1,4139820,38.294012,-104.35348
2021-06-01 06:59:23,3,327e7a,-84,3.91,14,2021-06-01 06:59:22,1.12.3,0,1,4139820,38.294012,-104.35348
2021-06-01 06:59:35,2,328f95,-97,3.9,8,2021-06-01 06:59:35,1.12.3,0,1,3508741,38.298432,-104.359248
2021-06-01 07:00:09,3,328726,-90,4.04,13,2021-06-01 07:00:09,1.12.3,0.06,1,3695455,38.311684,-104.356344
2021-06-01 07:00:09,2,328726,-96,4.04,13,2021-06-01 07:00:09,1.12.3,0.06,1,3695455,38.311684,-104.356344
2021-06-01 07:00:17,3,32930a,-88,3.91,8,2021-06-01 07:00:17,1.12.3,0,1,4893901,38.309296,-104.359464
2021-06-01 07:00:17,2,32930a,-95,3.91,8,2021-06-01 07:00:17,1.12.3,0,1,4893901,38.309296,-104.359464
2021-06-01 07:00:19,3,3278d6,-90,3.91,10,2021-06-01 07:00:19,1.12.3,0,1,3520201,38.296096,-104.356344
2021-06-01 07:00:19,2,3278d6,-96,3.91,10,2021-06-01 07:00:19,1.12.3,0,1,3520201,38.296096,-104.356344
2021-06-01 07:00:29,3,326532,-85,3.89,10,2021-06-01 07:00:29,1.12.3,0,1,4130541,38.298416,-104.35056
2021-06-01 07:00:29,2,326532,-97,3.89,10,2021-06-01 07:00:29,1.12.3,0,1,4130541,38.298416,-104.35056
2021-06-01 07:00:42,3,32b86d,-93,3.87,13,2021-06-01 07:00:42,1.12.3,0,1,4793731,38.313888,-104.356512
2021-06-01 07:00:42,2,32b86d,-100,3.87,13,2021-06-01 07:00:42,1.12.3,0,1,4793731,38.313888,-104.356512
2021-06-01 07:00:43,2,32785e,-96,4.03,10,2021-06-01 07:00:44,1.12.3,0,1,2516006,38.280016,-104.367392
2021-06-01 07:01:00,2,325d5f,-74,3.85,9,2021-06-01 07:01:00,1.12.3,0,1,3649568,38.303216,-104.359344
2021-06-01 07:01:05,3,32845f,-89,3.9,11,2021-06-01 07:01:05,1.12.3,0,1,2445320,38.29154,-104.360536
2021-06-01 07:01:05,2,32845f,-92,3.9,11,2021-06-01 07:01:05,1.12.3,0,1,2445320,38.29154,-104.360536
2021-06-01 07:01:08,2,33d782,-98,3.92,11,2021-06-01 07:01:08,1.12.4,0.07,1,71674,38.29518,-104.3592
2021-06-01 07:01:10,1,328e67,-103,3.88,12,2021-06-01 07:01:10,1.12.3,0.01,1,4450877,38.305312,-104.35332
2021-06-01 07:01:10,3,328e67,-80,3.88,12,2021-06-01 07:01:10,1.12.3,0.01,1,4450877,38.305312,-104.35332
2021-06-01 07:01:29,2,3276b6,-92,3.97,14,2021-06-01 07:01:29,1.12.3,0.02,1,3848514,38.311692,-104.350256
2021-06-01 07:01:29,3,3276b6,-90,3.97,14,2021-06-01 07:01:29,1.12.3,0.02,1,3848514,38.311692,-104.350256
2021-06-01 07:01:31,3,326331,-87,3.88,11,2021-06-01 07:01:31,1.12.3,0.01,1,4362633,38.302944,-104.353368
2021-06-01 07:01:31,2,326331,-81,3.88,11,2021-06-01 07:01:31,1.12.3,0.01,1,4362633,38.302944,-104.353368
2021-06-01 07:01:40,3,329b65,-86,3.98,13,2021-06-01 07:01:40,1.12.3,0,1,4284509,38.313752,-104.35008
2021-06-01 07:01:40,2,329b65,-90,3.98,13,2021-06-01 07:01:40,1.12.3,0,1,4284509,38.313752,-104.35008
2021-06-01 07:01:43,3,33b5bf,-89,3.95,10,2021-06-01 07:01:43,1.12.4,0,1,4224813,38.30322,-104.34804
2021-06-01 07:01:43,2,33b5bf,-96,3.95,10,2021-06-01 07:01:43,1.12.4,0,1,4224813,38.30322,-104.34804
2021-06-01 07:01:52,2,32b8ee,-91,3.8,9,2021-06-01 07:01:51,1.12.3,0.02,1,3193252,38.29072,-104.36292
2021-06-01 07:01:59,1,33d486,-70,3.9,9,2021-06-01 07:01:58,1.12.4,0,1,4320076,38.305196,-104.35616
2021-06-01 07:01:59,4,33d486,-103,3.9,9,2021-06-01 07:01:58,1.12.4,0,1,4320076,38.305196,-104.35616
2021-06-01 07:01:59,2,33d486,-58,3.9,9,2021-06-01 07:01:58,1.12.4,0,1,4320076,38.305196,-104.35616
2021-06-01 07:01:59,3,33d486,-49,3.9,9,2021-06-01 07:01:58,1.12.4,0,1,4320076,38.305196,-104.35616
2021-06-01 07:02:08,1,327a09,-95,3.87,11,2021-06-01 07:02:07,1.12.3,0,1,3772430,38.309556,-104.347336
2021-06-01 07:02:08,3,327a09,-89,3.87,11,2021-06-01 07:02:07,1.12.3,0,1,3772430,38.309556,-104.347336
2021-06-01 07:02:08,2,327a09,-87,3.87,11,2021-06-01 07:02:07,1.12.3,0,1,3772430,38.309556,-104.347336
2021-06-01 07:02:21,2,3266aa,-96,3.86,11,2021-06-01 07:02:20,1.12.3,0,1,3702125,38.296152,-104.350568
2021-06-01 07:02:21,3,3266aa,-84,3.86,11,2021-06-01 07:02:20,1.12.3,0,1,3702125,38.296152,-104.350568
2021-06-01 07:02:28,1,32b849,-104,3.91,10,2021-06-01 07:02:28,1.12.3,0,1,4377392,38.30078,-104.360224
2021-06-01 07:02:28,3,32b849,-92,3.91,10,2021-06-01 07:02:28,1.12.3,0,1,4377392,38.30078,-104.360224
2021-06-01 07:02:28,2,32b849,-81,3.91,10,2021-06-01 07:02:28,1.12.3,0,1,4377392,38.30078,-104.360224
2021-06-01 07:02:39,3,3267b1,-82,3.89,10,2021-06-01 07:02:39,1.12.3,0,1,3381600,38.309476,-104.353608
2021-06-01 07:02:39,2,3267b1,-89,3.89,10,2021-06-01 07:02:39,1.12.3,0,1,3381600,38.309476,-104.353608
2021-06-01 07:02:41,2,327b01,-93,3.91,12,2021-06-01 07:02:41,1.12.3,0,1,3227754,38.296048,-104.361
2021-06-01 07:02:43,2,329ab2,-96,3.91,8,2021-06-01 07:02:44,1.12.3,0,1,4477283,38.307364,-104.35932
2021-06-01 07:02:43,2,325b16,-85,3.88,6,2021-06-01 07:02:43,1.12.3,0,1,3654247,38.302988,-104.35072
2021-06-01 07:02:43,3,325b16,-83,3.88,6,2021-06-01 07:02:43,1.12.3,0,1,3654247,38.302988,-104.35072
2021-06-01 07:02:52,3,328773,-93,3.88,13,2021-06-01 07:02:52,1.12.3,0,1,3645478,38.311768,-104.359424
2021-06-01 07:02:52,2,328773,-92,3.88,13,2021-06-01 07:02:52,1.12.3,0,1,3645478,38.311768,-104.359424
2021-06-01 07:03:04,2,3260f6,-96,3.87,9,2021-06-01 07:03:05,1.11.3,0.03,1,3614105,38.300672,-104.350544
2021-06-01 07:03:04,3,3260f6,-93,3.87,9,2021-06-01 07:03:05,1.11.3,0.03,1,3614105,38.300672,-104.350544
2021-06-01 07:03:10,2,326182,-86,3.87,11,2021-06-01 07:03:11,1.12.3,0,1,3242728,38.3007,-104.353376
2021-06-01 07:03:10,3,326182,-70,3.87,11,2021-06-01 07:03:11,1.12.3,0,1,3242728,38.3007,-104.353376
2021-06-01 07:03:15,1,3296b8,-95,3.89,11,2021-06-01 07:03:16,1.12.3,0,1,4638953,38.307048,-104.353504
2021-06-01 07:03:15,3,3296b8,-82,3.89,11,2021-06-01 07:03:16,1.12.3,0,1,4638953,38.307048,-104.353504
2021-06-01 07:03:15,2,3296b8,-80,3.89,11,2021-06-01 07:03:16,1.12.3,0,1,4638953,38.307048,-104.353504
2021-06-01 07:03:23,2,328b65,-97,4.05,10,2021-06-01 07:03:24,1.12.3,0,1,4752552,38.309404,-104.356448
2021-06-01 07:03:23,3,328b65,-84,4.05,10,2021-06-01 07:03:24,1.12.3,0,1,4752552,38.309404,-104.356448
2021-06-01 07:03:25,2,32600d,-96,3.89,9,2021-06-01 07:03:26,1.12.3,0.02,1,2297215,38.282356,-104.367176
2021-06-01 07:03:30,2,33bd60,-88,4.03,12,2021-06-01 07:03:31,1.12.4,0,1,341296,38.307188,-104.356472
2021-06-01 07:03:30,3,33bd60,-79,4.03,12,2021-06-01 07:03:31,1.12.4,0,1,341296,38.307188,-104.356472
2021-06-01 07:03:32,1,32801d,-103,3.96,15,2021-06-01 07:03:30,1.12.4,0,1,3388895,38.3051,-104.350608
2021-06-01 07:03:42,1,328452,-103,3.89,10,2021-06-01 07:03:42,1.12.3,0,1,3277292,38.30296,-104.35628
2021-06-01 07:03:43,2,328452,-83,3.89,10,2021-06-01 07:03:42,1.12.3,0,1,3277292,38.30296,-104.35628
2021-06-01 07:03:43,3,328452,-60,3.89,10,2021-06-01 07:03:42,1.12.3,0,1,3277292,38.30296,-104.35628
2021-06-01 07:03:43,3,326123,-89,3.88,11,2021-06-01 07:03:43,1.12.3,0,1,3279335,38.292504,-104.35876
2021-06-01 07:03:43,2,326123,-96,3.88,11,2021-06-01 07:03:43,1.12.3,0,1,3279335,38.292504,-104.35876
2021-06-01 07:03:54,2,3282ca,-97,3.85,15,2021-06-01 07:03:53,1.12.3,0,1,4840592,38.313924,-104.359704
2021-06-01 07:03:58,1,325d08,-96,3.85,9,2021-06-01 07:03:58,1.12.3,0.01,1,1383954,38.307272,-104.34788
2021-06-01 07:03:58,3,325d08,-93,3.85,9,2021-06-01 07:03:58,1.12.3,0.01,1,1383954,38.307272,-104.34788
2021-06-01 07:03:58,2,325d08,-84,3.85,9,2021-06-01 07:03:58,1.12.3,0.01,1,1383954,38.307272,-104.34788
2021-06-01 07:03:59,2,329199,-96,3.96,11,2021-06-01 07:04:00,1.12.3,0.03,1,4048535,38.298384,-104.3562
2021-06-01 07:03:59,3,329199,-81,3.96,11,2021-06-01 07:04:00,1.12.3,0.03,1,4048535,38.298384,-104.3562
2021-06-01 07:04:06,3,328c5e,-88,3.5,12,2021-06-01 07:03:51,1.12.3,0,1,140793,38.305272,-104.35944
2021-06-01 07:04:06,2,328c5e,-78,3.5,12,2021-06-01 07:03:51,1.12.3,0,1,140793,38.305272,-104.35944
2021-06-01 07:04:16,2,32b207,-97,3.96,10,2021-06-01 07:04:13,1.12.3,0,1,4224164,38.293792,-104.35632
2021-06-01 07:04:16,3,32b207,-90,3.96,10,2021-06-01 07:04:13,1.12.3,0,1,4224164,38.293792,-104.35632
2021-06-01 07:04:22,1,33895a,-104,3.73,11,2021-06-01 07:04:22,1.12.4,0,1,1582999,38.307204,-104.350672
2021-06-01 07:04:22,2,33895a,-92,3.73,11,2021-06-01 07:04:22,1.12.4,0,1,1582999,38.307204,-104.350672
2021-06-01 07:04:23,3,327e7a,-84,3.91,14,2021-06-01 07:04:22,1.12.3,0,1,4139880,38.294012,-104.35348
2021-06-01 07:04:23,2,327e7a,-92,3.91,14,2021-06-01 07:04:22,1.12.3,0,1,4139880,38.294012,-104.35348
2021-06-01 07:04:35,2,328f95,-98,3.9,8,2021-06-01 07:04:34,1.12.3,0,1,3508801,38.298432,-104.359256
